Protocollo;Gruppo;DataOraIncidente;Localizzazione1;STRADA1;Localizzazione2;STRADA2;Strada02;Chilometrica;DaSpecificare;NaturaIncidente;particolaritastrade;TipoStrada;FondoStradale;Pavimentazione;Segnaletica;CondizioneAtmosferica;Traffico;Visibilita;Illuminazione;NUM_FERITI;NUM_RISERVATA;NUM_MORTI;NUM_ILLESI;Longitudine;Latitudine;Confermato;Progressivo;TipoVeicolo;StatoVeicolo;TipoPersona;Sesso;Tipolesione;Deceduto;DecedutoDopo;CinturaCascoUtilizzato;Airbag
3764040;1;04/04/2018 21:20;Strada Urbana;VIALE DELLE TERME DI CARACALLA;all'intersezione semaforizzata con;LARGO CAVALIERI DI COLOMBO;LARGO CAVALIERI DI COLOMBO;;;Scontro frontale/laterale SX fra veicoli in marcia;Intersezione semaforizzata;Una carreggiata a doppio senso;Bagnato (pioggia);Asfaltata;Verticale ed orizzontale;Pioggia in atto;Scarso;Sufficiente;Sufficiente;1;0;0;1;12,49308;41,8815;-1;1;Autovettura privata;In marcia / fermata / arresto;Conducente;M;Illeso;0;;Non accertato;Inesploso
3764040;1;04/04/2018 21:20;Strada Urbana;VIALE DELLE TERME DI CARACALLA;all'intersezione semaforizzata con;LARGO CAVALIERI DI COLOMBO;LARGO CAVALIERI DI COLOMBO;;;Scontro frontale/laterale SX fra veicoli in marcia;Intersezione semaforizzata;Una carreggiata a doppio senso;Bagnato (pioggia);Asfaltata;Verticale ed orizzontale;Pioggia in atto;Scarso;Sufficiente;Sufficiente;1;0;0;1;12,49308;41,8815;-1;2;Autovettura privata;In marcia / fermata / arresto;Conducente;F;Rifiuta cure immediate;0;NON DECEDUTO;Non accertato;Inesploso
3764043;6;05/04/2018 15:40;Strada Urbana;VIALE DELLA PRIMAVERA;in prossimità;;del civico n.;339;;Tamponamento;Rettilineo;Più di due carreggiate;Bagnato (pioggia);Asfaltata;Orizzontale;Pioggia in atto;Normale;Buona;Ore Diurne;0;0;0;2;12,55816;41,87673;-1;1;Autovettura di polizia;In marcia / fermata / arresto;Conducente;M;Illeso;0;;Non accertato;Inesploso
3764043;6;05/04/2018 15:40;Strada Urbana;VIALE DELLA PRIMAVERA;in prossimità;;del civico n.;339;;Tamponamento;Rettilineo;Più di due carreggiate;Bagnato (pioggia);Asfaltata;Orizzontale;Pioggia in atto;Normale;Buona;Ore Diurne;0;0;0;2;12,55816;41,87673;-1;2;Autovettura privata;In marcia / fermata / arresto;Conducente;M;Illeso;0;;Non accertato;Inesploso
3764055;11;05/04/2018 09:15;Strada Urbana;VIA DEL SERAFICO;in corrispondenza;;del civico n.;220;;Veicolo in marcia contro veicolo in sosta;Rettilineo;Due carreggiate;Bagnato (umidità in atto);Asfaltata;Verticale ed orizzontale;Nuvoloso;Normale;Buona;Ore Diurne;0;0;0;1;12,49169;41,83272;-1;1;Autovettura privata;In marcia / fermata / arresto;Conducente;M;Illeso;0;;Non accertato;
3764059;18;04/04/2018 16:30;Strada Urbana;VIA AURELIA;all'intersezione semaforizzata con;PIAZZA S. GIOVANNI BATTISTA DE LA SALLE;PIAZZA S. GIOVANNI BATTISTA DE LA SALLE;;;Tamponamento;Intersezione semaforizzata;Due carreggiate;Asciutto;Asfaltata;Verticale ed orizzontale;Nuvoloso;Normale;Buona;Ore Diurne;0;0;0;4;12,36123;41,8845;-1;1;Autovettura privata;In marcia / fermata / arresto;Conducente;M;Illeso;0;;;
3764059;18;04/04/2018 16:30;Strada Urbana;VIA AURELIA;all'intersezione semaforizzata con;PIAZZA S. GIOVANNI BATTISTA DE LA SALLE;PIAZZA S. GIOVANNI BATTISTA DE LA SALLE;;;Tamponamento;Intersezione semaforizzata;Due carreggiate;Asciutto;Asfaltata;Verticale ed orizzontale;Nuvoloso;Normale;Buona;Ore Diurne;0;0;0;4;12,36123;41,8845;-1;1;Autovettura privata;In marcia / fermata / arresto;Passeggero;M;Illeso;0;;;
3764059;18;04/04/2018 16:30;Strada Urbana;VIA AURELIA;all'intersezione semaforizzata con;PIAZZA S. GIOVANNI BATTISTA DE LA SALLE;PIAZZA S. GIOVANNI BATTISTA DE LA SALLE;;;Tamponamento;Intersezione semaforizzata;Due carreggiate;Asciutto;Asfaltata;Verticale ed orizzontale;Nuvoloso;Normale;Buona;Ore Diurne;0;0;0;4;12,36123;41,8845;-1;1;Autovettura privata;In marcia / fermata / arresto;Passeggero;F;Illeso;0;;;
3764059;18;04/04/2018 16:30;Strada Urbana;VIA AURELIA;all'intersezione semaforizzata con;PIAZZA S. GIOVANNI BATTISTA DE LA SALLE;PIAZZA S. GIOVANNI BATTISTA DE LA SALLE;;;Tamponamento;Intersezione semaforizzata;Due carreggiate;Asciutto;Asfaltata;Verticale ed orizzontale;Nuvoloso;Normale;Buona;Ore Diurne;0;0;0;4;12,36123;41,8845;-1;2;Autovettura pubblica;In marcia / fermata / arresto;Conducente;M;Illeso;0;;;
3764070;18;04/04/2018 01:00;Strada Urbana;VIA S. PIO V;in prossimità;;del civico n.;55;;Veicolo in marcia contro ostacolo accidentale;Rettilineo;Una carreggiata a senso unico di marcia;Asciutto;Asfaltata;Verticale ed orizzontale;Sereno;Scarso;Buona;Ore Diurne;0;0;0;1;12,4343;41,89469;-1;1;Autovettura privata;In marcia / fermata / arresto;Conducente;M;Illeso;0;;Non accertato;Inesploso
3764077;18;03/04/2018 20:00;Strada Urbana;VIA DI TORREVECCHIA;in prossimità;;del civico n.;967;;Scontro laterale fra veicoli in marcia;Rettilineo;Una carreggiata a senso unico di marcia;Asciutto;Asfaltata;Verticale ed orizzontale;Sereno;Normale;Buona;Sufficiente;0;0;0;3;12,40758;41,91518;-1;1;Autovettura privata;In marcia / fermata / arresto;Conducente;F;Illeso;0;;Non accertato;
3764077;18;03/04/2018 20:00;Strada Urbana;VIA DI TORREVECCHIA;in prossimità;;del civico n.;967;;Scontro laterale fra veicoli in marcia;Rettilineo;Una carreggiata a senso unico di marcia;Asciutto;Asfaltata;Verticale ed orizzontale;Sereno;Normale;Buona;Sufficiente;0;0;0;3;12,40758;41,91518;-1;2;Autovettura privata;In marcia / fermata / arresto;Conducente;M;Illeso;0;;Non accertato;Inesploso
3764077;18;03/04/2018 20:00;Strada Urbana;VIA DI TORREVECCHIA;in prossimità;;del civico n.;967;;Scontro laterale fra veicoli in marcia;Rettilineo;Una carreggiata a senso unico di marcia;Asciutto;Asfaltata;Verticale ed orizzontale;Sereno;Normale;Buona;Sufficiente;0;0;0;3;12,40758;41,91518;-1;2;Autovettura privata;In marcia / fermata / arresto;Passeggero;M;Illeso;0;;Non accertato;Inesploso
3764087;18;04/04/2018 19:15;Strada Urbana;VIA DI CASTEL DI GUIDO;da specificare;;;;in prossimità VIA SEGANTI;Veicolo in marcia contro ostacolo accidentale;Rettilineo;Una carreggiata a doppio senso;Asciutto;Asfaltata;Verticale ed orizzontale;Nuvoloso;Scarso;Sufficiente;Ore Diurne;0;0;0;1;12,30495;41,90176;-1;1;Autovettura privata;In marcia / fermata / arresto;Conducente;F;Illeso;0;;;
3764092;15;05/04/2018 08:40;Strada Urbana;PIAZZA ENRICO FERMI;all'intersezione con;VIA FRANCESCO GRIMALDI;VIA FRANCESCO GRIMALDI;;;Scontro laterale fra veicoli in marcia;Intersezione semaforizzata;Due carreggiate;Asciutto;Asfaltata;Verticale ed orizzontale;Nuvoloso;Intenso;Buona;Ore Diurne;0;0;0;2;12,46958;41,8642;-1;1;Autovettura privata;In marcia / fermata / arresto;Conducente;F;Illeso;0;;;Inesploso
3764092;15;05/04/2018 08:40;Strada Urbana;PIAZZA ENRICO FERMI;all'intersezione con;VIA FRANCESCO GRIMALDI;VIA FRANCESCO GRIMALDI;;;Scontro laterale fra veicoli in marcia;Intersezione semaforizzata;Due carreggiate;Asciutto;Asfaltata;Verticale ed orizzontale;Nuvoloso;Intenso;Buona;Ore Diurne;0;0;0;2;12,46958;41,8642;-1;2;Autovettura privata;In marcia / fermata / arresto;Conducente;M;Illeso;0;;Utilizzato;Inesploso
3764093;18;04/04/2018 13:40;Strada Urbana;VIA AURELIA;in prossimità;;del civico n.;351;;Veicolo in marcia contro veicolo in sosta;Rettilineo;Una carreggiata a doppio senso;Asciutto;Asfaltata;Verticale ed orizzontale;Nuvoloso;Normale;Buona;Ore Diurne;0;0;0;1;12,43382;41,89738;-1;1;Autobus turistico;In marcia / fermata / arresto;Conducente;M;Illeso;0;;;
3764098;15;05/04/2018 08:10;Strada Urbana;VIALE ISACCO NEWTON;da specificare;;;;prossimità V.lo di Papa Leone;Tamponamento Multiplo;Rettilineo;Due carreggiate;Bagnato (umidità in atto);Asfaltata;Orizzontale;Nuvoloso;Normale;Buona;Ore Diurne;0;0;0;3;12,44238;41,84875;-1;1;Autovettura privata;In marcia / fermata / arresto;Conducente;F;Illeso;0;;Non accertato;Inesploso
3764098;15;05/04/2018 08:10;Strada Urbana;VIALE ISACCO NEWTON;da specificare;;;;prossimità V.lo di Papa Leone;Tamponamento Multiplo;Rettilineo;Due carreggiate;Bagnato (umidità in atto);Asfaltata;Orizzontale;Nuvoloso;Normale;Buona;Ore Diurne;0;0;0;3;12,44238;41,84875;-1;2;Autovettura privata;In marcia / fermata / arresto;Conducente;M;Illeso;0;;Non accertato;Inesploso
3764098;15;05/04/2018 08:10;Strada Urbana;VIALE ISACCO NEWTON;da specificare;;;;prossimità V.lo di Papa Leone;Tamponamento Multiplo;Rettilineo;Due carreggiate;Bagnato (umidità in atto);Asfaltata;Orizzontale;Nuvoloso;Normale;Buona;Ore Diurne;0;0;0;3;12,44238;41,84875;-1;3;Autovettura privata;In marcia / fermata / arresto;Conducente;M;Illeso;0;;Non accertato;Inesploso
3764112;15;05/04/2018 08:00;Provinciale;VIA PORTUENSE;in prossimità;;del civico n.;1151;;Veicolo in marcia contro ostacolo accidentale;Rettilineo;Una carreggiata a doppio senso;Bagnato (pioggia);Asfaltata;Verticale;Nuvoloso;Normale;Buona;Ore Diurne;0;0;0;1;12,3755;41,83517;-1;1;Autovettura privata;In marcia / fermata / arresto;Conducente;M;Illeso;0;;;Inesploso
3764114;15;05/04/2018 08:20;Autostrada;AUTOSTRADA ROMA AEROPORTO DI FIUMICINO;da specificare;;;;km 0,200;Tamponamento Multiplo;Curva a visuale libera;Due carreggiate;Bagnato (umidità in atto);Asfaltata;Verticale ed orizzontale;Nuvoloso;Intenso;Buona;Ore Diurne;1;0;0;2;12,37172;41,81658;-1;1;Autovettura privata;In marcia / fermata / arresto;Conducente;M;Illeso;0;;;
3764114;15;05/04/2018 08:20;Autostrada;AUTOSTRADA ROMA AEROPORTO DI FIUMICINO;da specificare;;;;km 0,200;Tamponamento Multiplo;Curva a visuale libera;Due carreggiate;Bagnato (umidità in atto);Asfaltata;Verticale ed orizzontale;Nuvoloso;Intenso;Buona;Ore Diurne;1;0;0;2;12,37172;41,81658;-1;2;Autovettura privata;In marcia / fermata / arresto;Conducente;F;Rimandato;0;NON DECEDUTO;;
3764114;15;05/04/2018 08:20;Autostrada;AUTOSTRADA ROMA AEROPORTO DI FIUMICINO;da specificare;;;;km 0,200;Tamponamento Multiplo;Curva a visuale libera;Due carreggiate;Bagnato (umidità in atto);Asfaltata;Verticale ed orizzontale;Nuvoloso;Intenso;Buona;Ore Diurne;1;0;0;2;12,37172;41,81658;-1;3;Autovettura privata;In marcia / fermata / arresto;Conducente;F;Illeso;0;;;
3764141;15;05/04/2018 16:45;Strada Urbana;VIA PORTUENSE;da specificare;;;;rampa immissione V.le I. Newton (EUR);Infortunio per sola frenata improvvisa;Rettilineo;Due carreggiate;Asciutto;Asfaltata;Verticale ed orizzontale;Sereno;Normale;Buona;Ore Diurne;1;0;0;2;12,41402;41,84696;-1;1;Autovettura privata;In marcia / fermata / arresto;Conducente;M;Illeso;0;;;
3764141;15;05/04/2018 16:45;Strada Urbana;VIA PORTUENSE;da specificare;;;;rampa immissione V.le I. Newton (EUR);Infortunio per sola frenata improvvisa;Rettilineo;Due carreggiate;Asciutto;Asfaltata;Verticale ed orizzontale;Sereno;Normale;Buona;Ore Diurne;1;0;0;2;12,41402;41,84696;-1;1;Autovettura privata;In marcia / fermata / arresto;Passeggero;M;Illeso;0;;;
3764141;15;05/04/2018 16:45;Strada Urbana;VIA PORTUENSE;da specificare;;;;rampa immissione V.le I. Newton (EUR);Infortunio per sola frenata improvvisa;Rettilineo;Due carreggiate;Asciutto;Asfaltata;Verticale ed orizzontale;Sereno;Normale;Buona;Ore Diurne;1;0;0;2;12,41402;41,84696;-1;2;Motociclo a solo;In marcia / fermata / arresto;Conducente;M;Rimandato;0;NON DECEDUTO;;
3764493;8;05/04/2018 10:15;Strada Urbana;VIA DI TOR BELLA MONACA;in prossimità;;del palo luce n.;34;;Veicolo in marcia contro ostacolo accidentale;Curva a visuale libera;Due carreggiate;Asciutto;Con buche;Verticale ed orizzontale;Nuvoloso;Normale;Buona;Ore Diurne;1;0;0;0;12,62375;41,87848;0;1;Motociclo con passeggero;In marcia / fermata / arresto;Conducente;M;Ricoverato;0;NON DECEDUTO;Non accertato;
3764498;8;05/04/2018 11:20;Strada Urbana;VIA DEL PADIGLIONE;all'intersezione con;VIA RAINONE;VIA RAINONE;;;Scontro frontale/laterale SX fra veicoli in marcia;Incrocio;Una carreggiata a senso unico di marcia;Asciutto;Asfaltata;Verticale;Sereno;Scarso;Sufficiente;Ore Diurne;0;0;0;1;12,67848;41,85288;0;1;Autovettura privata;In marcia / fermata / arresto;Conducente;M;Illeso;0;;Non accertato;Inesploso
3764499;8;05/04/2018 16:05;Statale entro l'abitato;VIA CASILINA;in corrispondenza;;del civico n.;1208;;Scontro frontale/laterale SX fra veicoli in marcia;Rettilineo;Una carreggiata a doppio senso;Bagnato (pioggia);Asfaltata;Verticale ed orizzontale;Nuvoloso;Normale;Sufficiente;Ore Diurne;0;0;0;2;12,60314;41,86488;-1;1;Autovettura privata;In marcia / fermata / arresto;Conducente;M;Illeso;0;;Non accertato;Inesploso
3764499;8;05/04/2018 16:05;Statale entro l'abitato;VIA CASILINA;in corrispondenza;;del civico n.;1208;;Scontro frontale/laterale SX fra veicoli in marcia;Rettilineo;Una carreggiata a doppio senso;Bagnato (pioggia);Asfaltata;Verticale ed orizzontale;Nuvoloso;Normale;Sufficiente;Ore Diurne;0;0;0;2;12,60314;41,86488;-1;2;Autovettura privata;In marcia / fermata / arresto;Conducente;F;Illeso;0;;Non accertato;Inesploso
3764502;8;05/04/2018 07:55;Strada Urbana;VIA SAN MICHELE DI GANZARIA;all'intersezione con;VIA SANT'ALFIO;VIA SANT'ALFIO;;;Scontro frontale/laterale DX fra veicoli in marcia;Incrocio;Una carreggiata a doppio senso;Bagnato (pioggia);Acciotolata;Verticale;Nuvoloso;Scarso;Sufficiente;Ore Diurne;1;0;0;1;12,64797;41,87664;-1;1;Autovettura privata;In marcia / fermata / arresto;Conducente;M;Ricoverato;0;NON DECEDUTO;Non accertato;Esploso
3764502;8;05/04/2018 07:55;Strada Urbana;VIA SAN MICHELE DI GANZARIA;all'intersezione con;VIA SANT'ALFIO;VIA SANT'ALFIO;;;Scontro frontale/laterale DX fra veicoli in marcia;Incrocio;Una carreggiata a doppio senso;Bagnato (pioggia);Acciotolata;Verticale;Nuvoloso;Scarso;Sufficiente;Ore Diurne;1;0;0;1;12,64797;41,87664;-1;2;Autovettura privata;In marcia / fermata / arresto;Conducente;M;Illeso;0;;Non accertato;Inesploso
3764503;5;05/04/2018 09:00;Strada Urbana;VIA TIBURTINA;da specificare;;;;in prossimità di VIA SACCOMURO;Scontro laterale fra veicoli in marcia;Rettilineo;Due carreggiate;Asciutto;Asfaltata;Orizzontale;Nuvoloso;Normale;Buona;Ore Diurne;0;0;0;2;12,60927;41,93495;-1;1;Autocarro superiore 35 q.;In marcia / fermata / arresto;Conducente;M;Illeso;0;;Non accertato;Inesploso
3764503;5;05/04/2018 09:00;Strada Urbana;VIA TIBURTINA;da specificare;;;;in prossimità di VIA SACCOMURO;Scontro laterale fra veicoli in marcia;Rettilineo;Due carreggiate;Asciutto;Asfaltata;Orizzontale;Nuvoloso;Normale;Buona;Ore Diurne;0;0;0;2;12,60927;41,93495;-1;2;Autovettura privata;In marcia / fermata / arresto;Conducente;F;Illeso;0;;Non accertato;Inesploso
3764508;8;05/04/2018 12:15;Strada Urbana;VIA DELL' OSTERIA DEL FINOCCHIO;in corrispondenza;;del civico n.;88;;Veicolo in marcia contro ostacolo accidentale;Rettilineo;Una carreggiata a doppio senso;Asciutto;Asfaltata;Verticale;Nuvoloso;Normale;Buona;Ore Diurne;0;0;0;1;12,68181;41,85998;-1;1;Autovettura privata;In marcia / fermata / arresto;Conducente;F;Illeso;0;;Non accertato;Inesploso
3764509;20;05/04/2018 15:30;Strada Urbana;VIA DEL FORO ITALICO;da specificare;;;;altezza VIALE TOR DI QUINTO dir. Stadio Olimpico;Tamponamento Multiplo;Rettilineo;Due carreggiate;Asciutto;Asfaltata;Verticale ed orizzontale;Sereno;Intenso;Buona;Ore Diurne;0;0;0;6;12,48375;41,93991;-1;1;Autovettura privata;In marcia / fermata / arresto;Conducente;M;Illeso;0;;Non accertato;Inesploso
3764509;20;05/04/2018 15:30;Strada Urbana;VIA DEL FORO ITALICO;da specificare;;;;altezza VIALE TOR DI QUINTO dir. Stadio Olimpico;Tamponamento Multiplo;Rettilineo;Due carreggiate;Asciutto;Asfaltata;Verticale ed orizzontale;Sereno;Intenso;Buona;Ore Diurne;0;0;0;6;12,48375;41,93991;-1;2;Autovettura privata;In marcia / fermata / arresto;Conducente;M;Illeso;0;;Non accertato;Inesploso
3764509;20;05/04/2018 15:30;Strada Urbana;VIA DEL FORO ITALICO;da specificare;;;;altezza VIALE TOR DI QUINTO dir. Stadio Olimpico;Tamponamento Multiplo;Rettilineo;Due carreggiate;Asciutto;Asfaltata;Verticale ed orizzontale;Sereno;Intenso;Buona;Ore Diurne;0;0;0;6;12,48375;41,93991;-1;2;Autovettura privata;In marcia / fermata / arresto;Passeggero;M;Illeso;0;;Non accertato;Inesploso
3764509;20;05/04/2018 15:30;Strada Urbana;VIA DEL FORO ITALICO;da specificare;;;;altezza VIALE TOR DI QUINTO dir. Stadio Olimpico;Tamponamento Multiplo;Rettilineo;Due carreggiate;Asciutto;Asfaltata;Verticale ed orizzontale;Sereno;Intenso;Buona;Ore Diurne;0;0;0;6;12,48375;41,93991;-1;3;Autovettura privata;In marcia / fermata / arresto;Conducente;F;Illeso;0;;Non accertato;Inesploso
3764509;20;05/04/2018 15:30;Strada Urbana;VIA DEL FORO ITALICO;da specificare;;;;altezza VIALE TOR DI QUINTO dir. Stadio Olimpico;Tamponamento Multiplo;Rettilineo;Due carreggiate;Asciutto;Asfaltata;Verticale ed orizzontale;Sereno;Intenso;Buona;Ore Diurne;0;0;0;6;12,48375;41,93991;-1;3;Autovettura privata;In marcia / fermata / arresto;Passeggero;M;Illeso;0;;Non accertato;Inesploso
3764509;20;05/04/2018 15:30;Strada Urbana;VIA DEL FORO ITALICO;da specificare;;;;altezza VIALE TOR DI QUINTO dir. Stadio Olimpico;Tamponamento Multiplo;Rettilineo;Due carreggiate;Asciutto;Asfaltata;Verticale ed orizzontale;Sereno;Intenso;Buona;Ore Diurne;0;0;0;6;12,48375;41,93991;-1;4;Autocarro inferiore 35 q.;In marcia / fermata / arresto;Conducente;M;Illeso;0;;Non accertato;
3764513;8;05/04/2018 10:15;Strada Urbana;VIA DI TOR BELLA MONACA;da specificare;;;;250 m prima svincolo Via Torrenova dir. Casilina;Veicolo in marcia contro ostacolo accidentale;Curva a visuale libera;Una carreggiata a senso unico di marcia;Bagnato (umidità in atto);Con buche;Orizzontale;Nuvoloso;Normale;Buona;Ore Diurne;0;0;0;1;12,62375;41,87848;-1;1;Autovettura privata;In marcia / fermata / arresto;Conducente;F;Illeso;0;;Non accertato;Inesploso
3764523;20;05/04/2018 08:45;Strada Urbana;VIA DI BACCANELLO;in corrispondenza;;del civico n.;293;;Scontro frontale/laterale DX fra veicoli in marcia;Curva a visuale libera;Una carreggiata a doppio senso;Bagnato (umidità in atto);Asfaltata;Orizzontale;Nuvoloso;Intenso;Buona;Ore Diurne;1;0;0;2;12,34301;42,06581;-1;1;Autovettura privata;In marcia / fermata / arresto;Conducente;M;Illeso;0;;Non accertato;
3764523;20;05/04/2018 08:45;Strada Urbana;VIA DI BACCANELLO;in corrispondenza;;del civico n.;293;;Scontro frontale/laterale DX fra veicoli in marcia;Curva a visuale libera;Una carreggiata a doppio senso;Bagnato (umidità in atto);Asfaltata;Orizzontale;Nuvoloso;Intenso;Buona;Ore Diurne;1;0;0;2;12,34301;42,06581;-1;2;Autocarro inferiore 35 q.;In marcia / fermata / arresto;Conducente;M;Illeso;0;;Non accertato;
3764523;20;05/04/2018 08:45;Strada Urbana;VIA DI BACCANELLO;in corrispondenza;;del civico n.;293;;Scontro frontale/laterale DX fra veicoli in marcia;Curva a visuale libera;Una carreggiata a doppio senso;Bagnato (umidità in atto);Asfaltata;Orizzontale;Nuvoloso;Intenso;Buona;Ore Diurne;1;0;0;2;12,34301;42,06581;-1;2;Autocarro inferiore 35 q.;In marcia / fermata / arresto;Passeggero;F;Rimandato;0;NON DECEDUTO;Utilizzato;
3764532;5;05/04/2018 09:15;Strada Urbana;VIA ALBERTO POLLIO;in prossimità;;del civico n.;84;;Scontro laterale fra veicoli in marcia;Curva a visuale libera;Due carreggiate;Asciutto;Asfaltata;Verticale ed orizzontale;Sereno;Normale;Buona;Ore Diurne;1;0;0;1;12,53225;41,89766;-1;1;Autovettura privata;In marcia / fermata / arresto;Conducente;F;Illeso;0;;Non accertato;Inesploso
3764532;5;05/04/2018 09:15;Strada Urbana;VIA ALBERTO POLLIO;in prossimità;;del civico n.;84;;Scontro laterale fra veicoli in marcia;Curva a visuale libera;Due carreggiate;Asciutto;Asfaltata;Verticale ed orizzontale;Sereno;Normale;Buona;Ore Diurne;1;0;0;1;12,53225;41,89766;-1;2;Motociclo a solo;In marcia / fermata / arresto;Conducente;M;Rimandato;0;NON DECEDUTO;Non accertato;
3764537;13;05/04/2018 21:30;;VIA CAGLI;in corrispondenza;;del civico n.;2;;Veicolo in marcia contro ostacolo accidentale;;;;;;;;;;0;0;0;2;12,34541;41,77318;0;1;Autovettura privata;In marcia / fermata / arresto;Conducente;M;Illeso;0;;;
3764537;13;05/04/2018 21:30;;VIA CAGLI;in corrispondenza;;del civico n.;2;;Veicolo in marcia contro ostacolo accidentale;;;;;;;;;;0;0;0;2;12,34541;41,77318;0;1;Autovettura privata;In marcia / fermata / arresto;Passeggero;M;Illeso;0;;Non accertato;Inesploso
3764542;11;05/04/2018 16:40;Strada Urbana;VIA OSTIENSE;in corrispondenza;;del civico n.;81;;Investimento di pedone;Rettilineo;Più di due carreggiate;Asciutto;Asfaltata;Verticale ed orizzontale;Sereno;Normale;Buona;Ore Diurne;1;0;0;1;12,48031;41,87147;-1;;;;Pedone;M;Rimandato;0;NON DECEDUTO;;
3764542;11;05/04/2018 16:40;Strada Urbana;VIA OSTIENSE;in corrispondenza;;del civico n.;81;;Investimento di pedone;Rettilineo;Più di due carreggiate;Asciutto;Asfaltata;Verticale ed orizzontale;Sereno;Normale;Buona;Ore Diurne;1;0;0;1;12,48031;41,87147;-1;1;Autovettura privata;In marcia / fermata / arresto;Conducente;M;Illeso;0;;;
3764554;20;05/04/2018 00:02;Strada Urbana;CORSO DI FRANCIA;da specificare;;;;fronte civ 157;Tamponamento;Rettilineo;Due carreggiate;Asciutto;Asfaltata;Orizzontale;Sereno;Normale;Buona;Sufficiente;1;0;0;1;12,47168;41,93671;-1;1;Autovettura privata;In marcia / fermata / arresto;Conducente;F;Rimandato;0;NON DECEDUTO;Non accertato;
3764554;20;05/04/2018 00:02;Strada Urbana;CORSO DI FRANCIA;da specificare;;;;fronte civ 157;Tamponamento;Rettilineo;Due carreggiate;Asciutto;Asfaltata;Orizzontale;Sereno;Normale;Buona;Sufficiente;1;0;0;1;12,47168;41,93671;-1;2;Autovettura privata;In marcia / fermata / arresto;Conducente;M;Illeso;0;;Non accertato;
3764558;20;05/04/2018 15:30;Strada Urbana;VIA DEL FORO ITALICO;all'intersezione semaforizzata con;VIA DEI MONTI DELLA FARNESINA;VIA DEI MONTI DELLA FARNESINA;;;Scontro laterale fra veicoli in marcia;Intersezione semaforizzata;Una carreggiata a senso unico di marcia;Bagnato (pioggia);Asfaltata;Verticale ed orizzontale;Nuvoloso;Normale;Buona;Ore Diurne;0;0;0;3;12,48375;41,93991;-1;1;Autovettura privata;In marcia / fermata / arresto;Conducente;M;Illeso;0;;Non accertato;Inesploso
3764558;20;05/04/2018 15:30;Strada Urbana;VIA DEL FORO ITALICO;all'intersezione semaforizzata con;VIA DEI MONTI DELLA FARNESINA;VIA DEI MONTI DELLA FARNESINA;;;Scontro laterale fra veicoli in marcia;Intersezione semaforizzata;Una carreggiata a senso unico di marcia;Bagnato (pioggia);Asfaltata;Verticale ed orizzontale;Nuvoloso;Normale;Buona;Ore Diurne;0;0;0;3;12,48375;41,93991;-1;1;Autovettura privata;In marcia / fermata / arresto;Passeggero;M;Illeso;0;;Non accertato;Inesploso
3764558;20;05/04/2018 15:30;Strada Urbana;VIA DEL FORO ITALICO;all'intersezione semaforizzata con;VIA DEI MONTI DELLA FARNESINA;VIA DEI MONTI DELLA FARNESINA;;;Scontro laterale fra veicoli in marcia;Intersezione semaforizzata;Una carreggiata a senso unico di marcia;Bagnato (pioggia);Asfaltata;Verticale ed orizzontale;Nuvoloso;Normale;Buona;Ore Diurne;0;0;0;3;12,48375;41,93991;-1;2;Autovettura privata;In marcia / fermata / arresto;Conducente;M;Illeso;0;;Non accertato;Inesploso
3764567;5;05/04/2018 18:30;Strada Urbana;VIA DEI MONTI TIBURTINI;da specificare;;;;cavalcavia Fiorentini direzione Lanciani;Veicolo in marcia contro veicolo arresto;Cavalcavia;Una carreggiata a doppio senso;Asciutto;Asfaltata;Verticale ed orizzontale;Sereno;Intenso;Buona;Ore Diurne;1;0;0;2;12,55364;41,91229;-1;1;Autovettura privata;In marcia / fermata / arresto;Conducente;M;Illeso;0;;Non accertato;Inesploso
3764567;5;05/04/2018 18:30;Strada Urbana;VIA DEI MONTI TIBURTINI;da specificare;;;;cavalcavia Fiorentini direzione Lanciani;Veicolo in marcia contro veicolo arresto;Cavalcavia;Una carreggiata a doppio senso;Asciutto;Asfaltata;Verticale ed orizzontale;Sereno;Intenso;Buona;Ore Diurne;1;0;0;2;12,55364;41,91229;-1;1;Autovettura privata;In marcia / fermata / arresto;Passeggero;F;Illeso;0;;Non accertato;Inesploso
3764567;5;05/04/2018 18:30;Strada Urbana;VIA DEI MONTI TIBURTINI;da specificare;;;;cavalcavia Fiorentini direzione Lanciani;Veicolo in marcia contro veicolo arresto;Cavalcavia;Una carreggiata a doppio senso;Asciutto;Asfaltata;Verticale ed orizzontale;Sereno;Intenso;Buona;Ore Diurne;1;0;0;2;12,55364;41,91229;-1;2;Motociclo a solo;In marcia / fermata / arresto;Conducente;M;Rimandato;0;NON DECEDUTO;Non accertato;
3764576;10;06/04/2018 07:00;Statale;VIA APPIA NUOVA;da specificare;;;;100m prima svincolo Gra dir. Roma;Scontro laterale fra veicoli in marcia;Rettilineo;Due carreggiate;Asciutto;Asfaltata;Verticale ed orizzontale;Sereno;Intenso;Buona;Ore Diurne;0;0;0;2;12,57587;41,81034;-1;1;Autovettura privata;In marcia / fermata / arresto;Conducente;M;Illeso;0;;Non accertato;Inesploso
3764576;10;06/04/2018 07:00;Statale;VIA APPIA NUOVA;da specificare;;;;100m prima svincolo Gra dir. Roma;Scontro laterale fra veicoli in marcia;Rettilineo;Due carreggiate;Asciutto;Asfaltata;Verticale ed orizzontale;Sereno;Intenso;Buona;Ore Diurne;0;0;0;2;12,57587;41,81034;-1;2;Autocarro inferiore 35 q.;In marcia / fermata / arresto;Conducente;M;Illeso;0;;Non accertato;Inesploso