Protocollo;Gruppo;DataOraIncidente;Localizzazione1;STRADA1;Localizzazione2;STRADA2;Strada02;Chilometrica;DaSpecificare;NaturaIncidente;particolaritastrade;TipoStrada;FondoStradale;Pavimentazione;Segnaletica;CondizioneAtmosferica;Traffico;Visibilita;Illuminazione;NUM_FERITI;NUM_RISERVATA;NUM_MORTI;NUM_ILLESI;Longitudine;Latitudine;Confermato;Progressivo;TipoVeicolo;StatoVeicolo;TipoPersona;Sesso;Tipolesione;Deceduto;DecedutoDopo;CinturaCascoUtilizzato;Airbag
3770631;20;09/04/2018 17:10;Strada Urbana;VIALE DI TOR DI QUINTO;in corrispondenza;;del civico n.;155;;Scontro laterale fra veicoli in marcia;Rettilineo;Due carreggiate;Bagnato (pioggia);Asfaltata;Verticale ed orizzontale;Pioggia in atto;Normale;Buona;Ore Diurne;0;0;0;2;12,48458;41,94936;-1;1;Autovettura privata;In marcia / fermata / arresto;Conducente;M;Illeso;0;;Non accertato;
3770631;20;09/04/2018 17:10;Strada Urbana;VIALE DI TOR DI QUINTO;in corrispondenza;;del civico n.;155;;Scontro laterale fra veicoli in marcia;Rettilineo;Due carreggiate;Bagnato (pioggia);Asfaltata;Verticale ed orizzontale;Pioggia in atto;Normale;Buona;Ore Diurne;0;0;0;2;12,48458;41,94936;-1;2;Autobus di linea;In marcia / fermata / arresto;Conducente;M;Illeso;0;;Non accertato;Inesploso
3770632;8;09/04/2018 11:00;Strada Urbana;VIA DEL TORRACCIO;in corrispondenza;;del civico n.;85;;Veicolo in marcia contro ostacolo accidentale;Rettilineo;Una carreggiata a doppio senso;Bagnato (pioggia);Asfaltata;Assente;Pioggia in atto;Scarso;Buona;Ore Diurne;0;0;0;1;12,65719;41,84776;-1;1;Autovettura privata;In marcia / fermata / arresto;Conducente;M;Illeso;0;;Non accertato;
3770636;8;09/04/2018 11:40;Strada Urbana;VIA DI TORRENOVA;all'intersezione con;VIA CASETTA MISTICI;VIA CASETTA MISTICI;;;Scontro laterale fra veicoli in marcia;Incrocio;Una carreggiata a doppio senso;Bagnato (pioggia);Asfaltata;Verticale ed orizzontale;Pioggia in atto;Normale;Sufficiente;Ore Diurne;0;0;0;2;12,61853;41,87754;-1;1;Autovettura privata;In marcia / fermata / arresto;Conducente;F;Illeso;0;;Non accertato;
3770636;8;09/04/2018 11:40;Strada Urbana;VIA DI TORRENOVA;all'intersezione con;VIA CASETTA MISTICI;VIA CASETTA MISTICI;;;Scontro laterale fra veicoli in marcia;Incrocio;Una carreggiata a doppio senso;Bagnato (pioggia);Asfaltata;Verticale ed orizzontale;Pioggia in atto;Normale;Sufficiente;Ore Diurne;0;0;0;2;12,61853;41,87754;-1;2;Autovettura privata;In marcia / fermata / arresto;Conducente;F;Illeso;0;;Non accertato;
3770641;1;08/04/2018 02:30;Strada Urbana;VIA MARMORATA;in prossimità;;del civico n.;179;;Veicolo in marcia contro veicolo in sosta;Rettilineo;Una carreggiata a doppio senso;Asciutto;Asfaltata;Verticale ed orizzontale;Sereno;Scarso;Sufficiente;Sufficiente;0;0;0;1;12,47642;41,88229;-1;1;Autovettura privata;In marcia / fermata / arresto;Conducente;M;Illeso;0;;Non accertato;
3770643;8;09/04/2018 14:00;Comunale extraurbana;VIA DI LUNGHEZZINA;in prossimità;;del palo luce n.;323;;Fuoriuscita dalla sede stradale;Rettilineo;Una carreggiata a doppio senso;Bagnato (pioggia);Asfaltata;Verticale ed orizzontale;Pioggia in atto;Normale;Sufficiente;Ore Diurne;1;0;0;0;12,70704;41,92963;0;1;Autovettura privata;In marcia / fermata / arresto;Conducente;M;Rimandato;0;NON DECEDUTO;;
3770647;5;09/04/2018 14:15;Strada Urbana;VIA DELLE MESSI D'ORO;all'intersezione con;VIA GIOVANNI CAPELLINI;VIA GIOVANNI CAPELLINI;;;Scontro frontale/laterale DX fra veicoli in marcia;Incrocio;Una carreggiata a doppio senso;Bagnato (pioggia);Asfaltata;Verticale ed orizzontale;Pioggia in atto;Normale;Sufficiente;Ore Diurne;0;0;0;2;12,56193;41,91751;-1;1;Autovettura privata;In marcia / fermata / arresto;Conducente;M;Illeso;0;;Non accertato;
3770647;5;09/04/2018 14:15;Strada Urbana;VIA DELLE MESSI D'ORO;all'intersezione con;VIA GIOVANNI CAPELLINI;VIA GIOVANNI CAPELLINI;;;Scontro frontale/laterale DX fra veicoli in marcia;Incrocio;Una carreggiata a doppio senso;Bagnato (pioggia);Asfaltata;Verticale ed orizzontale;Pioggia in atto;Normale;Sufficiente;Ore Diurne;0;0;0;2;12,56193;41,91751;-1;2;Autovettura privata;In marcia / fermata / arresto;Conducente;M;Illeso;0;;Non accertato;
3770650;8;09/04/2018 17:40;Strada Urbana;VIA DI LUNGHEZZINA;in prossimità;;del palo luce n.;317;;Fuoriuscita dalla sede stradale;Rettilineo;Una carreggiata a doppio senso;Bagnato (pioggia);Asfaltata;Verticale ed orizzontale;Nuvoloso;Normale;Sufficiente;Ore Diurne;1;0;0;0;12,70704;41,92963;-1;1;Autovettura privata;In marcia / fermata / arresto;Conducente;F;Rifiuta cure immediate;0;NON DECEDUTO;Non accertato;Inesploso
3770654;4;09/04/2018 10:15;Strada Urbana;VIA CAMILLO PILOTTO;in corrispondenza;;del civico n.;85;;Tamponamento;Rettilineo;Una carreggiata a senso unico di marcia;Bagnato (pioggia);Asfaltata;Verticale ed orizzontale;Pioggia in atto;Normale;Buona;Ore Diurne;0;0;0;2;12,51941;41,9667;-1;1;Autovettura privata;In marcia / fermata / arresto;Conducente;M;Illeso;0;;;
3770654;4;09/04/2018 10:15;Strada Urbana;VIA CAMILLO PILOTTO;in corrispondenza;;del civico n.;85;;Tamponamento;Rettilineo;Una carreggiata a senso unico di marcia;Bagnato (pioggia);Asfaltata;Verticale ed orizzontale;Pioggia in atto;Normale;Buona;Ore Diurne;0;0;0;2;12,51941;41,9667;-1;2;Autovettura privata;In marcia / fermata / arresto;Conducente;M;Illeso;0;;;
3770655;4;09/04/2018 14:40;Strada Urbana;VIA ADA NEGRI;all'intersezione con;VIA GIACOMO ZANELLA;VIA GIACOMO ZANELLA;;;Scontro laterale fra veicoli in marcia;Incrocio;Una carreggiata a senso unico di marcia;Bagnato (pioggia);Asfaltata;Verticale ed orizzontale;Pioggia in atto;Normale;Buona;Ore Diurne;0;0;0;2;12,5614;41,94729;-1;1;Autovettura privata;In marcia / fermata / arresto;Conducente;F;Illeso;0;;;
3770655;4;09/04/2018 14:40;Strada Urbana;VIA ADA NEGRI;all'intersezione con;VIA GIACOMO ZANELLA;VIA GIACOMO ZANELLA;;;Scontro laterale fra veicoli in marcia;Incrocio;Una carreggiata a senso unico di marcia;Bagnato (pioggia);Asfaltata;Verticale ed orizzontale;Pioggia in atto;Normale;Buona;Ore Diurne;0;0;0;2;12,5614;41,94729;-1;2;Autovettura privata;In marcia / fermata / arresto;Conducente;F;Illeso;0;;;
3770657;8;10/04/2018 00:30;Strada Urbana;VIA PRENESTINA;in prossimità;;del palo luce n.;646;;Veicolo in marcia contro ostacolo accidentale;Rettilineo;Una carreggiata a doppio senso;Asciutto;Asfaltata;Verticale ed orizzontale;Sereno;Scarso;Insufficiente;Insufficiente;0;0;0;2;12,61039;41,89349;-1;1;Autovettura privata;In marcia / fermata / arresto;Conducente;M;Illeso;0;;Non accertato;
3770657;8;10/04/2018 00:30;Strada Urbana;VIA PRENESTINA;in prossimità;;del palo luce n.;646;;Veicolo in marcia contro ostacolo accidentale;Rettilineo;Una carreggiata a doppio senso;Asciutto;Asfaltata;Verticale ed orizzontale;Sereno;Scarso;Insufficiente;Insufficiente;0;0;0;2;12,61039;41,89349;-1;1;Autovettura privata;In marcia / fermata / arresto;Passeggero;F;Illeso;0;;;
3770660;5;09/04/2018 16:40;Strada Urbana;VIA DEI DURANTINI;all'intersezione con;VIA CARLO AMORETTI;VIA CARLO AMORETTI;;;Scontro frontale/laterale SX fra veicoli in marcia;Incrocio;Una carreggiata a doppio senso;Bagnato (pioggia);Asfaltata;Verticale ed orizzontale;Pioggia in atto;Normale;Buona;Ore Diurne;1;0;0;3;12,54178;41,91438;-1;1;Autovettura privata;In marcia / fermata / arresto;Conducente;M;Illeso;0;;Non accertato;Inesploso
3770660;5;09/04/2018 16:40;Strada Urbana;VIA DEI DURANTINI;all'intersezione con;VIA CARLO AMORETTI;VIA CARLO AMORETTI;;;Scontro frontale/laterale SX fra veicoli in marcia;Incrocio;Una carreggiata a doppio senso;Bagnato (pioggia);Asfaltata;Verticale ed orizzontale;Pioggia in atto;Normale;Buona;Ore Diurne;1;0;0;3;12,54178;41,91438;-1;2;Autovettura privata;In marcia / fermata / arresto;Conducente;M;Illeso;0;;Non accertato;Inesploso
3770660;5;09/04/2018 16:40;Strada Urbana;VIA DEI DURANTINI;all'intersezione con;VIA CARLO AMORETTI;VIA CARLO AMORETTI;;;Scontro frontale/laterale SX fra veicoli in marcia;Incrocio;Una carreggiata a doppio senso;Bagnato (pioggia);Asfaltata;Verticale ed orizzontale;Pioggia in atto;Normale;Buona;Ore Diurne;1;0;0;3;12,54178;41,91438;-1;2;Autovettura privata;In marcia / fermata / arresto;Passeggero;M;Illeso;0;;Non accertato;Inesploso
3770660;5;09/04/2018 16:40;Strada Urbana;VIA DEI DURANTINI;all'intersezione con;VIA CARLO AMORETTI;VIA CARLO AMORETTI;;;Scontro frontale/laterale SX fra veicoli in marcia;Incrocio;Una carreggiata a doppio senso;Bagnato (pioggia);Asfaltata;Verticale ed orizzontale;Pioggia in atto;Normale;Buona;Ore Diurne;1;0;0;3;12,54178;41,91438;-1;3;Motociclo a solo;In marcia / fermata / arresto;Conducente;M;Rimandato;0;NON DECEDUTO;Non accertato;
3770663;4;09/04/2018 18:00;Statale entro l'abitato;VIA SALARIA;da specificare;;;;Alt. Cavalcavia MCTC - direz. Rieti;Veicolo in marcia contro ostacolo fisso;Rettilineo;Due carreggiate;Bagnato (pioggia);Asfaltata;Verticale ed orizzontale;Pioggia in atto;Normale;Buona;Ore Diurne;0;0;0;1;12,51724;41,98601;-1;1;Autovettura privata;In marcia / fermata / arresto;Conducente;M;Illeso;0;;Non accertato;
3770664;1;09/04/2018 15:25;Strada Urbana;VIA DELLA LUCE;in corrispondenza;;del civico n.;34;;Scontro laterale fra veicoli in marcia;Rettilineo;Una carreggiata a senso unico di marcia;Bagnato (pioggia);Acciotolata;Verticale ed orizzontale;Pioggia in atto;Normale;Buona;Ore Diurne;0;0;0;3;12,47369;41,88672;-1;1;Autovettura di polizia;In marcia / fermata / arresto;Conducente;M;Illeso;0;;Non accertato;Inesploso
3770664;1;09/04/2018 15:25;Strada Urbana;VIA DELLA LUCE;in corrispondenza;;del civico n.;34;;Scontro laterale fra veicoli in marcia;Rettilineo;Una carreggiata a senso unico di marcia;Bagnato (pioggia);Acciotolata;Verticale ed orizzontale;Pioggia in atto;Normale;Buona;Ore Diurne;0;0;0;3;12,47369;41,88672;-1;1;Autovettura di polizia;In marcia / fermata / arresto;Passeggero;M;Illeso;0;;Non accertato;Inesploso
3770664;1;09/04/2018 15:25;Strada Urbana;VIA DELLA LUCE;in corrispondenza;;del civico n.;34;;Scontro laterale fra veicoli in marcia;Rettilineo;Una carreggiata a senso unico di marcia;Bagnato (pioggia);Acciotolata;Verticale ed orizzontale;Pioggia in atto;Normale;Buona;Ore Diurne;0;0;0;3;12,47369;41,88672;-1;2;Autocarro inferiore 35 q.;In marcia / fermata / arresto;Conducente;M;Illeso;0;;Non accertato;Inesploso
3770690;4;09/04/2018 09:30;Strada Urbana;VIA CONCA D'ORO;in prossimità;;del civico n.;220;;Veicolo in marcia contro ostacolo accidentale;Rettilineo;Una carreggiata a doppio senso;Bagnato (pioggia);Asfaltata;Orizzontale;Pioggia in atto;Normale;Buona;Ore Diurne;0;0;0;1;12,52236;41,94187;-1;1;Autovettura privata;In marcia / fermata / arresto;Conducente;M;Illeso;0;;;
3770701;15;09/04/2018 18:50;Strada Urbana;VIALE ISACCO NEWTON;da specificare;;;;DIREZIONE eur ALTEZZA PALO LUCE ACEA  N.54;Veicolo in marcia contro ostacolo accidentale;Rettilineo;Due carreggiate;Bagnato (umidità in atto);Asfaltata;Orizzontale;Nuvoloso;Normale;Buona;Ore Diurne;0;0;0;1;12,44238;41,84875;-1;1;Autovettura privata;In marcia / fermata / arresto;Conducente;M;Illeso;0;;;Inesploso
3770702;1;09/04/2018 00:30;Strada Urbana;VIA GUSTAVO MODENA;all'intersezione con;PIAZZA GIUDITTA TAVANI ARQUATI;PIAZZA GIUDITTA TAVANI ARQUATI;;;Scontro frontale/laterale DX fra veicoli in marcia;Intersezione non regolata/non segnalata;Una carreggiata a senso unico di marcia;Asciutto;In cubetti di porfido;Verticale;Sereno;Scarso;Insufficiente;Sufficiente;0;0;0;2;;;0;1;Autovettura privata;In marcia / fermata / arresto;Conducente;M;Illeso;0;;;
3770702;1;09/04/2018 00:30;Strada Urbana;VIA GUSTAVO MODENA;all'intersezione con;PIAZZA GIUDITTA TAVANI ARQUATI;PIAZZA GIUDITTA TAVANI ARQUATI;;;Scontro frontale/laterale DX fra veicoli in marcia;Intersezione non regolata/non segnalata;Una carreggiata a senso unico di marcia;Asciutto;In cubetti di porfido;Verticale;Sereno;Scarso;Insufficiente;Sufficiente;0;0;0;2;;;0;2;Autovettura privata;In marcia / fermata / arresto;Conducente;M;Illeso;0;;;
3770706;3;07/04/2018 18:30;Strada Urbana;VIA NOMENTANA;in prossimità;;del civico n.;60;;Investimento di pedone;Rettilineo;Una carreggiata a doppio senso;Asciutto;Asfaltata;Verticale ed orizzontale;Sereno;Normale;Sufficiente;Ore Diurne;3;0;0;0;12,50846;41,91394;-1;;;;Pedone;F;Ricoverato;0;NON DECEDUTO;;
3770706;3;07/04/2018 18:30;Strada Urbana;VIA NOMENTANA;in prossimità;;del civico n.;60;;Investimento di pedone;Rettilineo;Una carreggiata a doppio senso;Asciutto;Asfaltata;Verticale ed orizzontale;Sereno;Normale;Sufficiente;Ore Diurne;3;0;0;0;12,50846;41,91394;-1;;;;Pedone;M;Ricoverato;0;NON DECEDUTO;;
3770706;3;07/04/2018 18:30;Strada Urbana;VIA NOMENTANA;in prossimità;;del civico n.;60;;Investimento di pedone;Rettilineo;Una carreggiata a doppio senso;Asciutto;Asfaltata;Verticale ed orizzontale;Sereno;Normale;Sufficiente;Ore Diurne;3;0;0;0;12,50846;41,91394;-1;1;Motociclo a solo;In marcia / fermata / arresto;Conducente;M;Rimandato;0;NON DECEDUTO;Non accertato;
3770712;4;09/04/2018 19:00;Strada Urbana;VIA UGO OJETTI;all'intersezione con;VIA GASPARA STAMPA;VIA GASPARA STAMPA;;;Scontro laterale fra veicoli in marcia;Rotatoria;Una carreggiata a senso unico di marcia;Bagnato (pioggia);Asfaltata;Verticale ed orizzontale;Nuvoloso;Normale;Buona;Sufficiente;0;0;0;2;12,5567;41,94943;-1;1;Autovettura privata;In marcia / fermata / arresto;Conducente;M;Illeso;0;;;
3770712;4;09/04/2018 19:00;Strada Urbana;VIA UGO OJETTI;all'intersezione con;VIA GASPARA STAMPA;VIA GASPARA STAMPA;;;Scontro laterale fra veicoli in marcia;Rotatoria;Una carreggiata a senso unico di marcia;Bagnato (pioggia);Asfaltata;Verticale ed orizzontale;Nuvoloso;Normale;Buona;Sufficiente;0;0;0;2;12,5567;41,94943;-1;2;Autovettura privata;In marcia / fermata / arresto;Conducente;M;Illeso;0;;;
3770718;4;09/04/2018 08:05;Strada Urbana;VIA DELLA BUFALOTTA;in prossimità;;del civico n.;290;;Veicolo in marcia contro veicolo fermo;Rettilineo;Una carreggiata a doppio senso;Bagnato (umidità in atto);Asfaltata;Orizzontale;Nuvoloso;Intenso;Buona;Ore Diurne;0;0;0;4;12,54331;41,9522;-1;1;Autovettura privata;In marcia / fermata / arresto;Passeggero;F;Illeso;0;;;
3770718;4;09/04/2018 08:05;Strada Urbana;VIA DELLA BUFALOTTA;in prossimità;;del civico n.;290;;Veicolo in marcia contro veicolo fermo;Rettilineo;Una carreggiata a doppio senso;Bagnato (umidità in atto);Asfaltata;Orizzontale;Nuvoloso;Intenso;Buona;Ore Diurne;0;0;0;4;12,54331;41,9522;-1;1;Autovettura privata;In marcia / fermata / arresto;Passeggero;F;Illeso;0;;;
3770718;4;09/04/2018 08:05;Strada Urbana;VIA DELLA BUFALOTTA;in prossimità;;del civico n.;290;;Veicolo in marcia contro veicolo fermo;Rettilineo;Una carreggiata a doppio senso;Bagnato (umidità in atto);Asfaltata;Orizzontale;Nuvoloso;Intenso;Buona;Ore Diurne;0;0;0;4;12,54331;41,9522;-1;1;Autovettura privata;In marcia / fermata / arresto;Conducente;M;Illeso;0;;;
3770718;4;09/04/2018 08:05;Strada Urbana;VIA DELLA BUFALOTTA;in prossimità;;del civico n.;290;;Veicolo in marcia contro veicolo fermo;Rettilineo;Una carreggiata a doppio senso;Bagnato (umidità in atto);Asfaltata;Orizzontale;Nuvoloso;Intenso;Buona;Ore Diurne;0;0;0;4;12,54331;41,9522;-1;2;Motociclo a solo;In marcia / fermata / arresto;Conducente;M;Illeso;0;;;
3770723;20;09/04/2018 21:30;Strada Urbana;VIA DI GROTTAROSSA;da specificare;;;;a circa 1 km da v Crescenza dir S. Andrea;Scontro frontale fra veicoli in marcia;Curva senza visuale libera;Una carreggiata a doppio senso;Bagnato (pioggia);Asfaltata;Assente;Nuvoloso;Normale;Insufficiente;Inesistente;1;0;0;3;12,4629;41,97439;-1;1;Autovettura privata;In marcia / fermata / arresto;Passeggero;M;Rimandato;0;NON DECEDUTO;Non accertato;
3770723;20;09/04/2018 21:30;Strada Urbana;VIA DI GROTTAROSSA;da specificare;;;;a circa 1 km da v Crescenza dir S. Andrea;Scontro frontale fra veicoli in marcia;Curva senza visuale libera;Una carreggiata a doppio senso;Bagnato (pioggia);Asfaltata;Assente;Nuvoloso;Normale;Insufficiente;Inesistente;1;0;0;3;12,4629;41,97439;-1;1;Autovettura privata;In marcia / fermata / arresto;Conducente;M;Illeso;0;;Non accertato;Esploso
3770723;20;09/04/2018 21:30;Strada Urbana;VIA DI GROTTAROSSA;da specificare;;;;a circa 1 km da v Crescenza dir S. Andrea;Scontro frontale fra veicoli in marcia;Curva senza visuale libera;Una carreggiata a doppio senso;Bagnato (pioggia);Asfaltata;Assente;Nuvoloso;Normale;Insufficiente;Inesistente;1;0;0;3;12,4629;41,97439;-1;2;Autovettura privata;In marcia / fermata / arresto;Conducente;M;Illeso;0;;Non accertato;
3770723;20;09/04/2018 21:30;Strada Urbana;VIA DI GROTTAROSSA;da specificare;;;;a circa 1 km da v Crescenza dir S. Andrea;Scontro frontale fra veicoli in marcia;Curva senza visuale libera;Una carreggiata a doppio senso;Bagnato (pioggia);Asfaltata;Assente;Nuvoloso;Normale;Insufficiente;Inesistente;1;0;0;3;12,4629;41,97439;-1;2;Autovettura privata;In marcia / fermata / arresto;Passeggero;M;Illeso;0;;Non accertato;Esploso
3770724;1;08/04/2018 00:30;Strada Urbana;VIA BARTOLOMEO FILIPPERI;all'intersezione con;VIA GUSTAVO MODENA;VIA GUSTAVO MODENA;;;Scontro frontale/laterale DX fra veicoli in marcia;Intersezione stradale segnalata;Una carreggiata a senso unico di marcia;Asciutto;In cubetti di porfido;Verticale ed orizzontale;Sereno;Normale;Buona;Sufficiente;1;0;0;2;12,47307;41,89035;-1;1;Autovettura privata;In marcia / fermata / arresto;Conducente;M;Illeso;0;;Non accertato;Inesploso
3770724;1;08/04/2018 00:30;Strada Urbana;VIA BARTOLOMEO FILIPPERI;all'intersezione con;VIA GUSTAVO MODENA;VIA GUSTAVO MODENA;;;Scontro frontale/laterale DX fra veicoli in marcia;Intersezione stradale segnalata;Una carreggiata a senso unico di marcia;Asciutto;In cubetti di porfido;Verticale ed orizzontale;Sereno;Normale;Buona;Sufficiente;1;0;0;2;12,47307;41,89035;-1;1;Autovettura privata;In marcia / fermata / arresto;Passeggero;F;Rimandato;0;NON DECEDUTO;Non accertato;Inesploso
3770724;1;08/04/2018 00:30;Strada Urbana;VIA BARTOLOMEO FILIPPERI;all'intersezione con;VIA GUSTAVO MODENA;VIA GUSTAVO MODENA;;;Scontro frontale/laterale DX fra veicoli in marcia;Intersezione stradale segnalata;Una carreggiata a senso unico di marcia;Asciutto;In cubetti di porfido;Verticale ed orizzontale;Sereno;Normale;Buona;Sufficiente;1;0;0;2;12,47307;41,89035;-1;2;Autovettura privata;In marcia / fermata / arresto;Conducente;M;Illeso;0;;Non accertato;Inesploso
3770755;4;09/04/2018 09:30;Strada Urbana;VIA NOMENTANA;da specificare;;;;altezza fermata Sannazzaro dir. P.ta Pia;Veicolo in marcia contro ostacolo accidentale;Rettilineo;Una carreggiata a doppio senso;Bagnato (pioggia);Asfaltata;Verticale ed orizzontale;Pioggia in atto;Intenso;Sufficiente;Ore Diurne;0;0;0;1;12,54176;41,93786;-1;1;Filobus;In marcia / fermata / arresto;Conducente;M;Illeso;0;;;
3770762;20;09/04/2018 16:30;Strada Urbana;VIA MAGNANO IN RIVIERA;all'intersezione con;LARGO POVOLETTO;LARGO POVOLETTO;;;Tamponamento;Rotatoria;Una carreggiata a doppio senso;Bagnato (pioggia);Asfaltata;Verticale ed orizzontale;Pioggia in atto;Scarso;Buona;Ore Diurne;0;0;0;2;12,49774;41,90176;-1;1;Autovettura privata;In marcia / fermata / arresto;Conducente;M;Illeso;0;;;
3770762;20;09/04/2018 16:30;Strada Urbana;VIA MAGNANO IN RIVIERA;all'intersezione con;LARGO POVOLETTO;LARGO POVOLETTO;;;Tamponamento;Rotatoria;Una carreggiata a doppio senso;Bagnato (pioggia);Asfaltata;Verticale ed orizzontale;Pioggia in atto;Scarso;Buona;Ore Diurne;0;0;0;2;12,49774;41,90176;-1;2;Autovettura privata;In marcia / fermata / arresto;Conducente;M;Illeso;0;;;
3770763;2;09/04/2018 09:20;Strada Urbana;VIALE MARESCIALLO PILSUDSKI;all'intersezione semaforizzata con;VIA DI S. VALENTINO;VIA DI S. VALENTINO;;;Veicoli in marcia contro veicoli fermi;Intersezione semaforizzata;Due carreggiate;Bagnato (pioggia);Asfaltata;Verticale ed orizzontale;Pioggia in atto;Normale;Buona;Ore Diurne;2;0;0;3;12,47576;41,92799;-1;1;Autovettura privata;In marcia / fermata / arresto;Conducente;M;Illeso;0;;Non accertato;Inesploso
3770763;2;09/04/2018 09:20;Strada Urbana;VIALE MARESCIALLO PILSUDSKI;all'intersezione semaforizzata con;VIA DI S. VALENTINO;VIA DI S. VALENTINO;;;Veicoli in marcia contro veicoli fermi;Intersezione semaforizzata;Due carreggiate;Bagnato (pioggia);Asfaltata;Verticale ed orizzontale;Pioggia in atto;Normale;Buona;Ore Diurne;2;0;0;3;12,47576;41,92799;-1;2;Motociclo a solo;In marcia / fermata / arresto;Conducente;M;Illeso;0;;Non accertato;
3770763;2;09/04/2018 09:20;Strada Urbana;VIALE MARESCIALLO PILSUDSKI;all'intersezione semaforizzata con;VIA DI S. VALENTINO;VIA DI S. VALENTINO;;;Veicoli in marcia contro veicoli fermi;Intersezione semaforizzata;Due carreggiate;Bagnato (pioggia);Asfaltata;Verticale ed orizzontale;Pioggia in atto;Normale;Buona;Ore Diurne;2;0;0;3;12,47576;41,92799;-1;3;Motociclo a solo;In marcia / fermata / arresto;Conducente;M;Rifiuta cure immediate;0;NON DECEDUTO;Non accertato;
3770763;2;09/04/2018 09:20;Strada Urbana;VIALE MARESCIALLO PILSUDSKI;all'intersezione semaforizzata con;VIA DI S. VALENTINO;VIA DI S. VALENTINO;;;Veicoli in marcia contro veicoli fermi;Intersezione semaforizzata;Due carreggiate;Bagnato (pioggia);Asfaltata;Verticale ed orizzontale;Pioggia in atto;Normale;Buona;Ore Diurne;2;0;0;3;12,47576;41,92799;-1;4;Motociclo a solo;In marcia / fermata / arresto;Conducente;M;Rifiuta cure immediate;0;NON DECEDUTO;Non accertato;
3770763;2;09/04/2018 09:20;Strada Urbana;VIALE MARESCIALLO PILSUDSKI;all'intersezione semaforizzata con;VIA DI S. VALENTINO;VIA DI S. VALENTINO;;;Veicoli in marcia contro veicoli fermi;Intersezione semaforizzata;Due carreggiate;Bagnato (pioggia);Asfaltata;Verticale ed orizzontale;Pioggia in atto;Normale;Buona;Ore Diurne;2;0;0;3;12,47576;41,92799;-1;5;Motociclo a solo;In marcia / fermata / arresto;Conducente;M;Illeso;0;;Non accertato;
3770765;2;09/04/2018 20:05;Strada Urbana;VIALE GORIZIA;in prossimità;;del civico n.;9;;Veicolo in marcia contro veicolo in sosta;Rettilineo;Due carreggiate;Bagnato (pioggia);Asfaltata;Verticale ed orizzontale;Sereno;Scarso;Buona;Sufficiente;0;0;0;4;12,51373;41,91894;-1;1;Autovettura privata;In marcia / fermata / arresto;Conducente;M;Illeso;0;;;
3770765;2;09/04/2018 20:05;Strada Urbana;VIALE GORIZIA;in prossimità;;del civico n.;9;;Veicolo in marcia contro veicolo in sosta;Rettilineo;Due carreggiate;Bagnato (pioggia);Asfaltata;Verticale ed orizzontale;Sereno;Scarso;Buona;Sufficiente;0;0;0;4;12,51373;41,91894;-1;1;Autovettura privata;In marcia / fermata / arresto;Passeggero;F;Illeso;0;;;
3770765;2;09/04/2018 20:05;Strada Urbana;VIALE GORIZIA;in prossimità;;del civico n.;9;;Veicolo in marcia contro veicolo in sosta;Rettilineo;Due carreggiate;Bagnato (pioggia);Asfaltata;Verticale ed orizzontale;Sereno;Scarso;Buona;Sufficiente;0;0;0;4;12,51373;41,91894;-1;1;Autovettura privata;In marcia / fermata / arresto;Passeggero;F;Illeso;0;;;
3770765;2;09/04/2018 20:05;Strada Urbana;VIALE GORIZIA;in prossimità;;del civico n.;9;;Veicolo in marcia contro veicolo in sosta;Rettilineo;Due carreggiate;Bagnato (pioggia);Asfaltata;Verticale ed orizzontale;Sereno;Scarso;Buona;Sufficiente;0;0;0;4;12,51373;41,91894;-1;2;Autovettura privata;In marcia / fermata / arresto;Conducente;F;Illeso;0;;;
3770767;2;09/04/2018 21:50;Strada Urbana;VIA DEL FORO ITALICO;da specificare;;;;prox distributore Q8;Veicolo in marcia contro ostacolo accidentale;Rettilineo;Due carreggiate;Bagnato (pioggia);Asfaltata;Orizzontale;Sereno;Normale;Buona;Sufficiente;0;0;0;2;12,48375;41,93991;-1;1;Autovettura privata;In marcia / fermata / arresto;Conducente;F;Illeso;0;;Non accertato;Inesploso
3770767;2;09/04/2018 21:50;Strada Urbana;VIA DEL FORO ITALICO;da specificare;;;;prox distributore Q8;Veicolo in marcia contro ostacolo accidentale;Rettilineo;Due carreggiate;Bagnato (pioggia);Asfaltata;Orizzontale;Sereno;Normale;Buona;Sufficiente;0;0;0;2;12,48375;41,93991;-1;1;Autovettura privata;In marcia / fermata / arresto;Passeggero;F;Illeso;0;;Non accertato;Inesploso
3770777;4;09/04/2018 14:00;Provinciale entro l'abitato;VIA NOMENTANA;in corrispondenza;;del civico n.;525;;Tamponamento;Rettilineo;Più di due carreggiate;Bagnato (pioggia);Asfaltata;Verticale ed orizzontale;Pioggia in atto;Normale;Buona;Ore Diurne;0;0;0;3;12,52705;41,93101;-1;1;Autovettura privata;In marcia / fermata / arresto;Conducente;M;Illeso;0;;;
3770777;4;09/04/2018 14:00;Provinciale entro l'abitato;VIA NOMENTANA;in corrispondenza;;del civico n.;525;;Tamponamento;Rettilineo;Più di due carreggiate;Bagnato (pioggia);Asfaltata;Verticale ed orizzontale;Pioggia in atto;Normale;Buona;Ore Diurne;0;0;0;3;12,52705;41,93101;-1;1;Autovettura privata;In marcia / fermata / arresto;Passeggero;F;Illeso;0;;;