Protocollo;Gruppo;DataOraIncidente;Localizzazione1;STRADA1;Localizzazione2;STRADA2;Strada02;Chilometrica;DaSpecificare;NaturaIncidente;particolaritastrade;TipoStrada;FondoStradale;Pavimentazione;Segnaletica;CondizioneAtmosferica;Traffico;Visibilita;Illuminazione;NUM_FERITI;NUM_RISERVATA;NUM_MORTI;NUM_ILLESI;Longitudine;Latitudine;Confermato;Progressivo;TipoVeicolo;StatoVeicolo;TipoPersona;Sesso;Tipolesione;Deceduto;DecedutoDopo;CinturaCascoUtilizzato;Airbag
3772748;12;08/04/2018 15:30;Strada Urbana;PIAZZA GUGLIELMO MARCONI;da specificare;;;;per Via C. Colombo dir. Gra;Scontro frontale/laterale SX fra veicoli in marcia;Curva a visuale libera;Due carreggiate;Asciutto;Asfaltata;Verticale ed orizzontale;Sereno;Normale;Buona;Ore Diurne;0;0;0;3;12,47046;41,83347;-1;2;Autovettura privata;In marcia / fermata / arresto;Conducente;M;Illeso;0;;;
3772753;3;09/04/2018 11:35;Strada Urbana;VIA GIOVANNI BATTISTA MORGAGNI;in prossimità;;del civico n.;28/A;;Scontro laterale fra veicoli in marcia;Rettilineo;Una carreggiata a doppio senso;Bagnato (pioggia);Asfaltata;Verticale ed orizzontale;Pioggia in atto;Intenso;Sufficiente;Ore Diurne;0;0;0;3;12,51011;41,9096;-1;1;Autovettura privata;In marcia / fermata / arresto;Conducente;M;Illeso;0;;Non accertato;Inesploso
3772753;3;09/04/2018 11:35;Strada Urbana;VIA GIOVANNI BATTISTA MORGAGNI;in prossimità;;del civico n.;28/A;;Scontro laterale fra veicoli in marcia;Rettilineo;Una carreggiata a doppio senso;Bagnato (pioggia);Asfaltata;Verticale ed orizzontale;Pioggia in atto;Intenso;Sufficiente;Ore Diurne;0;0;0;3;12,51011;41,9096;-1;2;Autocarro inferiore 35 q.;In marcia / fermata / arresto;Conducente;M;Illeso;0;;Non accertato;Inesploso
3772753;3;09/04/2018 11:35;Strada Urbana;VIA GIOVANNI BATTISTA MORGAGNI;in prossimità;;del civico n.;28/A;;Scontro laterale fra veicoli in marcia;Rettilineo;Una carreggiata a doppio senso;Bagnato (pioggia);Asfaltata;Verticale ed orizzontale;Pioggia in atto;Intenso;Sufficiente;Ore Diurne;0;0;0;3;12,51011;41,9096;-1;2;Autocarro inferiore 35 q.;In marcia / fermata / arresto;Passeggero;M;Illeso;0;;Non accertato;Inesploso
3772760;4;10/04/2018 14:05;Statale;VIA SALARIA;in prossimità;;del civico n.;1021;;Tamponamento Multiplo;Rettilineo;Due carreggiate;Asciutto;Asfaltata;Orizzontale;Sereno;Intenso;Buona;Ore Diurne;4;0;0;1;12,5048;41,97047;-1;1;Autovettura privata;In marcia / fermata / arresto;Conducente;F;Rimandato;0;NON DECEDUTO;Non accertato;
3772760;4;10/04/2018 14:05;Statale;VIA SALARIA;in prossimità;;del civico n.;1021;;Tamponamento Multiplo;Rettilineo;Due carreggiate;Asciutto;Asfaltata;Orizzontale;Sereno;Intenso;Buona;Ore Diurne;4;0;0;1;12,5048;41,97047;-1;1;Autovettura privata;In marcia / fermata / arresto;Passeggero;F;Ricoverato;0;NON DECEDUTO;Utilizzato;Inesistente
3772760;4;10/04/2018 14:05;Statale;VIA SALARIA;in prossimità;;del civico n.;1021;;Tamponamento Multiplo;Rettilineo;Due carreggiate;Asciutto;Asfaltata;Orizzontale;Sereno;Intenso;Buona;Ore Diurne;4;0;0;1;12,5048;41,97047;-1;2;Autovettura privata;In marcia / fermata / arresto;Conducente;M;Illeso;0;;Non accertato;Inesploso
3772760;4;10/04/2018 14:05;Statale;VIA SALARIA;in prossimità;;del civico n.;1021;;Tamponamento Multiplo;Rettilineo;Due carreggiate;Asciutto;Asfaltata;Orizzontale;Sereno;Intenso;Buona;Ore Diurne;4;0;0;1;12,5048;41,97047;-1;3;Autovettura privata;In marcia / fermata / arresto;Conducente;F;Rifiuta cure immediate;0;NON DECEDUTO;Non accertato;
3772760;4;10/04/2018 14:05;Statale;VIA SALARIA;in prossimità;;del civico n.;1021;;Tamponamento Multiplo;Rettilineo;Due carreggiate;Asciutto;Asfaltata;Orizzontale;Sereno;Intenso;Buona;Ore Diurne;4;0;0;1;12,5048;41,97047;-1;3;Autovettura privata;In marcia / fermata / arresto;Passeggero;F;Rifiuta cure immediate;0;NON DECEDUTO;;
3772761;12;11/04/2018 07:40;Strada Urbana;VIA DEI FUCILIERI;all'intersezione semaforizzata con;VIA DI TOR PAGNOTTA;VIA DI TOR PAGNOTTA;;;Scontro laterale fra veicoli in marcia;Intersezione semaforizzata;Una carreggiata a senso unico di marcia;Asciutto;Asfaltata;Verticale ed orizzontale;Nuvoloso;Scarso;Buona;Ore Diurne;0;0;0;3;12,49831;41,80507;-1;1;Autovettura privata;In marcia / fermata / arresto;Conducente;M;Illeso;0;;Non accertato;Inesploso
3772761;12;11/04/2018 07:40;Strada Urbana;VIA DEI FUCILIERI;all'intersezione semaforizzata con;VIA DI TOR PAGNOTTA;VIA DI TOR PAGNOTTA;;;Scontro laterale fra veicoli in marcia;Intersezione semaforizzata;Una carreggiata a senso unico di marcia;Asciutto;Asfaltata;Verticale ed orizzontale;Nuvoloso;Scarso;Buona;Ore Diurne;0;0;0;3;12,49831;41,80507;-1;2;Autoarticolato;In marcia / fermata / arresto;Conducente;M;Illeso;0;;Non accertato;Inesistente
3772761;12;11/04/2018 07:40;Strada Urbana;VIA DEI FUCILIERI;all'intersezione semaforizzata con;VIA DI TOR PAGNOTTA;VIA DI TOR PAGNOTTA;;;Scontro laterale fra veicoli in marcia;Intersezione semaforizzata;Una carreggiata a senso unico di marcia;Asciutto;Asfaltata;Verticale ed orizzontale;Nuvoloso;Scarso;Buona;Ore Diurne;0;0;0;3;12,49831;41,80507;-1;2;Autoarticolato;In marcia / fermata / arresto;Passeggero;M;Illeso;0;;Non accertato;Inesistente
3772779;12;09/04/2018 10:30;Strada Urbana;VIALE DI VAL FIORITA;all'intersezione con;PIAZZALE FERRUCCIO PARRI;PIAZZALE FERRUCCIO PARRI;;;Tamponamento Multiplo;Incrocio;Due carreggiate;Bagnato (pioggia);Asfaltata;Verticale ed orizzontale;Pioggia in atto;Normale;Buona;Ore Diurne;0;0;0;3;12,4644;41,83935;-1;1;Autovettura privata;In marcia / fermata / arresto;Conducente;F;Illeso;0;;Utilizzato;Inesploso
3772779;12;09/04/2018 10:30;Strada Urbana;VIALE DI VAL FIORITA;all'intersezione con;PIAZZALE FERRUCCIO PARRI;PIAZZALE FERRUCCIO PARRI;;;Tamponamento Multiplo;Incrocio;Due carreggiate;Bagnato (pioggia);Asfaltata;Verticale ed orizzontale;Pioggia in atto;Normale;Buona;Ore Diurne;0;0;0;3;12,4644;41,83935;-1;2;Autovettura privata;In marcia / fermata / arresto;Conducente;M;Illeso;0;;Utilizzato;Inesploso
3772779;12;09/04/2018 10:30;Strada Urbana;VIALE DI VAL FIORITA;all'intersezione con;PIAZZALE FERRUCCIO PARRI;PIAZZALE FERRUCCIO PARRI;;;Tamponamento Multiplo;Incrocio;Due carreggiate;Bagnato (pioggia);Asfaltata;Verticale ed orizzontale;Pioggia in atto;Normale;Buona;Ore Diurne;0;0;0;3;12,4644;41,83935;-1;3;Autocarro inferiore 35 q.;In marcia / fermata / arresto;Conducente;M;Illeso;0;;Utilizzato;Inesploso
3772786;1;07/04/2018 08:50;Strada Urbana;VIA SICILIA;all'intersezione con;VIA ABRUZZI;VIA ABRUZZI;;;Scontro frontale/laterale SX fra veicoli in marcia;Incrocio;Una carreggiata a senso unico di marcia;Asciutto;Asfaltata;Verticale ed orizzontale;Sereno;Scarso;Buona;Ore Diurne;1;0;0;1;12,49381;41,9093;-1;1;Autovettura privata;In marcia / fermata / arresto;Conducente;M;Rifiuta cure immediate;0;NON DECEDUTO;Non accertato;
3772786;1;07/04/2018 08:50;Strada Urbana;VIA SICILIA;all'intersezione con;VIA ABRUZZI;VIA ABRUZZI;;;Scontro frontale/laterale SX fra veicoli in marcia;Incrocio;Una carreggiata a senso unico di marcia;Asciutto;Asfaltata;Verticale ed orizzontale;Sereno;Scarso;Buona;Ore Diurne;1;0;0;1;12,49381;41,9093;-1;2;Autovettura privata;In marcia / fermata / arresto;Conducente;F;Illeso;0;;Non accertato;
3772798;3;10/04/2018 11:35;Strada Urbana;VIALE DELLO SCALO S. LORENZO;in corrispondenza;;del civico n.;21;;Scontro laterale fra veicoli in marcia;Rettilineo;Più di due carreggiate;Asciutto;Asfaltata;Verticale ed orizzontale;Sereno;Normale;Buona;Ore Diurne;0;0;0;3;12,51614;41,89364;-1;1;Autovettura di polizia;In marcia / fermata / arresto;Conducente;M;Illeso;0;;Non accertato;Inesploso
3772798;3;10/04/2018 11:35;Strada Urbana;VIALE DELLO SCALO S. LORENZO;in corrispondenza;;del civico n.;21;;Scontro laterale fra veicoli in marcia;Rettilineo;Più di due carreggiate;Asciutto;Asfaltata;Verticale ed orizzontale;Sereno;Normale;Buona;Ore Diurne;0;0;0;3;12,51614;41,89364;-1;1;Autovettura di polizia;In marcia / fermata / arresto;Passeggero;M;Illeso;0;;Non accertato;Inesploso
3772798;3;10/04/2018 11:35;Strada Urbana;VIALE DELLO SCALO S. LORENZO;in corrispondenza;;del civico n.;21;;Scontro laterale fra veicoli in marcia;Rettilineo;Più di due carreggiate;Asciutto;Asfaltata;Verticale ed orizzontale;Sereno;Normale;Buona;Ore Diurne;0;0;0;3;12,51614;41,89364;-1;2;Autovettura privata;In marcia / fermata / arresto;Conducente;M;Illeso;0;;Non accertato;Inesploso
3772799;2;10/04/2018 08:25;Strada Urbana;PIAZZA DI S. EMERENZIANA;all'intersezione con;VIALE ERITREA;VIALE ERITREA;;;Scontro frontale/laterale SX fra veicoli in marcia;Incrocio;Due carreggiate;Asciutto;Asfaltata;Orizzontale;Sereno;Intenso;Buona;Ore Diurne;1;0;0;1;12,51621;41,92895;-1;1;Autovettura privata;In marcia / fermata / arresto;Conducente;M;Illeso;0;;;
3772799;2;10/04/2018 08:25;Strada Urbana;PIAZZA DI S. EMERENZIANA;all'intersezione con;VIALE ERITREA;VIALE ERITREA;;;Scontro frontale/laterale SX fra veicoli in marcia;Incrocio;Due carreggiate;Asciutto;Asfaltata;Orizzontale;Sereno;Intenso;Buona;Ore Diurne;1;0;0;1;12,51621;41,92895;-1;2;Motociclo a solo;In marcia / fermata / arresto;Conducente;M;Rimandato;0;NON DECEDUTO;;
3772802;2;10/04/2018 08:50;Strada Urbana;VIA SEBINO;in prossimità;;del civico n.;13;;Veicolo in marcia contro veicolo in sosta;Rettilineo;Una carreggiata a doppio senso;Asciutto;Asfaltata;Verticale ed orizzontale;Sereno;Normale;Buona;Ore Diurne;2;0;0;1;12,50574;41,92218;-1;1;Autobus urbano;In marcia / fermata / arresto;Conducente;M;Illeso;0;;Non accertato;Inesploso
3772802;2;10/04/2018 08:50;Strada Urbana;VIA SEBINO;in prossimità;;del civico n.;13;;Veicolo in marcia contro veicolo in sosta;Rettilineo;Una carreggiata a doppio senso;Asciutto;Asfaltata;Verticale ed orizzontale;Sereno;Normale;Buona;Ore Diurne;2;0;0;1;12,50574;41,92218;-1;1;Autobus urbano;In marcia / fermata / arresto;Passeggero;F;Rimandato;0;NON DECEDUTO;Non accertato;Inesploso
3772802;2;10/04/2018 08:50;Strada Urbana;VIA SEBINO;in prossimità;;del civico n.;13;;Veicolo in marcia contro veicolo in sosta;Rettilineo;Una carreggiata a doppio senso;Asciutto;Asfaltata;Verticale ed orizzontale;Sereno;Normale;Buona;Ore Diurne;2;0;0;1;12,50574;41,92218;-1;1;Autobus urbano;In marcia / fermata / arresto;Passeggero;F;Rimandato;0;NON DECEDUTO;Non accertato;Inesploso
3772804;2;10/04/2018 12:10;Strada Urbana;LUNGOTEVERE DELLE NAVI;all'intersezione con;VIA GAETANO FILANGIERI;VIA GAETANO FILANGIERI;;;Scontro laterale fra veicoli in marcia;Incrocio;Una carreggiata a senso unico di marcia;Asciutto;Asfaltata;Verticale ed orizzontale;Nuvoloso;Normale;Buona;Ore Diurne;1;0;0;1;12,47158;41,91664;-1;1;Autovettura privata;In marcia / fermata / arresto;Conducente;M;Illeso;0;;Non accertato;Inesploso
3772804;2;10/04/2018 12:10;Strada Urbana;LUNGOTEVERE DELLE NAVI;all'intersezione con;VIA GAETANO FILANGIERI;VIA GAETANO FILANGIERI;;;Scontro laterale fra veicoli in marcia;Incrocio;Una carreggiata a senso unico di marcia;Asciutto;Asfaltata;Verticale ed orizzontale;Nuvoloso;Normale;Buona;Ore Diurne;1;0;0;1;12,47158;41,91664;-1;2;Motociclo a solo;In marcia / fermata / arresto;Conducente;M;Rimandato;0;NON DECEDUTO;Non accertato;
3772808;2;10/04/2018 13:10;Strada Urbana;CORSO DI FRANCIA;da specificare;;;;alt. via Uruguay dir. Parioli;Veicolo in marcia contro ostacolo accidentale;Rettilineo;Due carreggiate;Asciutto;Asfaltata;Verticale ed orizzontale;Sereno;Scarso;Buona;Ore Diurne;0;0;0;1;12,47191;41,93442;-1;1;Autovettura privata;In marcia / fermata / arresto;Conducente;M;Illeso;0;;;
3772811;2;10/04/2018 16:20;Strada Urbana;VIA ALESSANDRIA;all'intersezione con;VIA REGGIO EMILIA;VIA REGGIO EMILIA;;;Scontro frontale/laterale SX fra veicoli in marcia;Incrocio;Una carreggiata a senso unico di marcia;Asciutto;Asfaltata;Verticale ed orizzontale;Sereno;Normale;Buona;Ore Diurne;0;0;0;3;12,50389;41,91273;-1;1;Autovettura privata;In marcia / fermata / arresto;Conducente;M;Illeso;0;;Non accertato;Inesploso
3772811;2;10/04/2018 16:20;Strada Urbana;VIA ALESSANDRIA;all'intersezione con;VIA REGGIO EMILIA;VIA REGGIO EMILIA;;;Scontro frontale/laterale SX fra veicoli in marcia;Incrocio;Una carreggiata a senso unico di marcia;Asciutto;Asfaltata;Verticale ed orizzontale;Sereno;Normale;Buona;Ore Diurne;0;0;0;3;12,50389;41,91273;-1;1;Autovettura privata;In marcia / fermata / arresto;Passeggero;F;Illeso;0;;Non accertato;Inesploso
3772811;2;10/04/2018 16:20;Strada Urbana;VIA ALESSANDRIA;all'intersezione con;VIA REGGIO EMILIA;VIA REGGIO EMILIA;;;Scontro frontale/laterale SX fra veicoli in marcia;Incrocio;Una carreggiata a senso unico di marcia;Asciutto;Asfaltata;Verticale ed orizzontale;Sereno;Normale;Buona;Ore Diurne;0;0;0;3;12,50389;41,91273;-1;2;Motociclo a solo;In marcia / fermata / arresto;Conducente;M;Illeso;0;;Non accertato;
3772815;2;10/04/2018 20:00;Strada Urbana;PIAZZA BUENOS AIRES;all'intersezione semaforizzata con;VIA TAGLIAMENTO;VIA TAGLIAMENTO;;;Scontro frontale/laterale SX fra veicoli in marcia;Intersezione semaforizzata;Una carreggiata a doppio senso;Asciutto;Asfaltata;Verticale ed orizzontale;Sereno;Normale;Sufficiente;Sufficiente;1;0;0;2;12,50013;41,91809;-1;1;Autovettura pubblica;In marcia / fermata / arresto;Conducente;M;Illeso;0;;Non accertato;Inesploso
3772815;2;10/04/2018 20:00;Strada Urbana;PIAZZA BUENOS AIRES;all'intersezione semaforizzata con;VIA TAGLIAMENTO;VIA TAGLIAMENTO;;;Scontro frontale/laterale SX fra veicoli in marcia;Intersezione semaforizzata;Una carreggiata a doppio senso;Asciutto;Asfaltata;Verticale ed orizzontale;Sereno;Normale;Sufficiente;Sufficiente;1;0;0;2;12,50013;41,91809;-1;1;Autovettura pubblica;In marcia / fermata / arresto;Passeggero;M;Illeso;0;;Non accertato;Inesploso
3772815;2;10/04/2018 20:00;Strada Urbana;PIAZZA BUENOS AIRES;all'intersezione semaforizzata con;VIA TAGLIAMENTO;VIA TAGLIAMENTO;;;Scontro frontale/laterale SX fra veicoli in marcia;Intersezione semaforizzata;Una carreggiata a doppio senso;Asciutto;Asfaltata;Verticale ed orizzontale;Sereno;Normale;Sufficiente;Sufficiente;1;0;0;2;12,50013;41,91809;-1;2;Motociclo a solo;In marcia / fermata / arresto;Conducente;M;Rimandato;0;NON DECEDUTO;Non accertato;
3772821;16;10/04/2018 11:25;Strada Urbana;VIALE DEI QUATTRO VENTI;da specificare;;;;fronte civico 162/C;Scontro frontale/laterale SX fra veicoli in marcia;Rettilineo;Una carreggiata a doppio senso;Asciutto;Asfaltata;Verticale ed orizzontale;Sereno;Intenso;Buona;Ore Diurne;1;0;0;1;12,4585;41,87951;-1;1;Autovettura privata;In marcia / fermata / arresto;Conducente;M;Illeso;0;;Non accertato;Inesploso
3772821;16;10/04/2018 11:25;Strada Urbana;VIALE DEI QUATTRO VENTI;da specificare;;;;fronte civico 162/C;Scontro frontale/laterale SX fra veicoli in marcia;Rettilineo;Una carreggiata a doppio senso;Asciutto;Asfaltata;Verticale ed orizzontale;Sereno;Intenso;Buona;Ore Diurne;1;0;0;1;12,4585;41,87951;-1;2;Motociclo a solo;In marcia / fermata / arresto;Conducente;M;Rimandato;0;NON DECEDUTO;Non accertato;
3772824;3;10/04/2018 15:25;Strada Urbana;VIA NOMENTANA;all'intersezione con;CORSO TRIESTE;CORSO TRIESTE;;;Tamponamento;Incrocio;Più di due carreggiate;Asciutto;Asfaltata;Verticale ed orizzontale;Sereno;Normale;Sufficiente;Ore Diurne;1;0;0;1;12,50854;41,91425;0;1;Autovettura privata;In marcia / fermata / arresto;Conducente;F;Illeso;0;;Non accertato;
3772824;3;10/04/2018 15:25;Strada Urbana;VIA NOMENTANA;all'intersezione con;CORSO TRIESTE;CORSO TRIESTE;;;Tamponamento;Incrocio;Più di due carreggiate;Asciutto;Asfaltata;Verticale ed orizzontale;Sereno;Normale;Sufficiente;Ore Diurne;1;0;0;1;12,50854;41,91425;0;2;Motociclo a solo;In marcia / fermata / arresto;Conducente;F;Rifiuta cure immediate;0;NON DECEDUTO;Non accertato;
3772828;12;09/04/2018 14:00;Provinciale;VIA PONTINA;da specificare;;;;km 21 dir. centro;Veicolo in marcia contro ostacolo accidentale;Rettilineo;Due carreggiate;Bagnato (pioggia);Asfaltata;Verticale ed orizzontale;Pioggia in atto;Intenso;Buona;Ore Diurne;0;0;0;2;12,45218;41,79401;-1;1;Autocarro superiore 35 q.;In marcia / fermata / arresto;Conducente;M;Illeso;0;;;
3772828;12;09/04/2018 14:00;Provinciale;VIA PONTINA;da specificare;;;;km 21 dir. centro;Veicolo in marcia contro ostacolo accidentale;Rettilineo;Due carreggiate;Bagnato (pioggia);Asfaltata;Verticale ed orizzontale;Pioggia in atto;Intenso;Buona;Ore Diurne;0;0;0;2;12,45218;41,79401;-1;2;Autoarticolato;In marcia / fermata / arresto;Conducente;M;Illeso;0;;;
3772840;16;10/04/2018 10:45;Strada Urbana;VIALE ISACCO NEWTON;da specificare;;;;in corrispondenza del fronte civico 105;Veicolo in marcia contro ostacolo accidentale;Rettilineo;Due carreggiate;Asciutto;Asfaltata;Verticale ed orizzontale;Sereno;Normale;Buona;Ore Diurne;0;0;0;1;12,44048;41,85472;-1;1;Motociclo a solo;In marcia / fermata / arresto;Conducente;M;Illeso;0;;Non accertato;
3772848;16;10/04/2018 13:15;;VIA DI MALAGROTTA;in prossimità;;del civico n.;285;;Veicolo in marcia contro ostacolo accidentale;;;;;;;;;;0;0;0;1;12,33404;41,84572;0;1;Autovettura privata;In marcia / fermata / arresto;Conducente;F;Illeso;0;;;
3772860;23;10/04/2018 10:00;Strada Urbana;VIA GIOVANNI BATTISTA MORGAGNI;in corrispondenza;;del civico n.;14;;Veicolo in marcia contro veicolo in sosta;Rettilineo;Due carreggiate;Asciutto;Asfaltata;Assente;Sereno;Intenso;Buona;Ore Diurne;0;0;0;1;12,50976;41,90949;-1;1;Autovettura privata;In marcia / fermata / arresto;Conducente;M;Illeso;0;;Utilizzato;Inesploso
3772862;4;11/04/2018 00:10;Statale;VIA SALARIA;da specificare;;;;Fr. Civ. 2061 ;Veicolo in marcia contro ostacolo fisso;Rettilineo;Una carreggiata a doppio senso;Asciutto;Asfaltata;Verticale ed orizzontale;Sereno;Scarso;Buona;Inesistente;1;0;0;0;12,51724;41,98601;-1;1;Autovettura privata;In marcia / fermata / arresto;Conducente;M;Rimandato;0;NON DECEDUTO;Non accertato;
3772879;4;10/04/2018 08:20;Statale entro l'abitato;VIA SALARIA;da specificare;;;;dir. roma centro 825;Veicolo in marcia contro ostacolo accidentale;Rettilineo;Due carreggiate;Asciutto;Con buche;Verticale ed orizzontale;Sereno;Intenso;Buona;Ore Diurne;0;0;0;1;12,51724;41,98601;-1;1;Autovettura privata;In marcia / fermata / arresto;Conducente;M;Illeso;0;;Non accertato;Inesploso
3772890;12;09/04/2018 14:01;Regionale;VIA PONTINA;da specificare;;;;km 21,000 direz. Roma;Veicolo in marcia contro ostacolo accidentale;Rettilineo;Due carreggiate;Bagnato (pioggia);Con buche;Verticale ed orizzontale;Pioggia in atto;Intenso;Buona;Ore Diurne;0;0;0;1;12,4323;41,73542;-1;1;Autovettura privata;In marcia / fermata / arresto;Conducente;M;Illeso;0;;;
3772900;12;09/04/2018 15:08;Regionale;VIA PONTINA;da specificare;;;;km 21,000 direz. Roma;Veicolo in marcia contro ostacolo accidentale;Rettilineo;Due carreggiate;Bagnato (pioggia);Con buche;Verticale ed orizzontale;Pioggia in atto;Intenso;Buona;Ore Diurne;0;0;0;2;12,43364;41,73626;-1;1;Autovettura privata;In marcia / fermata / arresto;Conducente;M;Illeso;0;;;
3772900;12;09/04/2018 15:08;Regionale;VIA PONTINA;da specificare;;;;km 21,000 direz. Roma;Veicolo in marcia contro ostacolo accidentale;Rettilineo;Due carreggiate;Bagnato (pioggia);Con buche;Verticale ed orizzontale;Pioggia in atto;Intenso;Buona;Ore Diurne;0;0;0;2;12,43364;41,73626;-1;1;Autovettura privata;In marcia / fermata / arresto;Passeggero;F;Illeso;0;;;
3772907;16;10/04/2018 17:00;Strada Urbana;VIA DI BRAVETTA;all'intersezione con;VIA DELLA PISANA;VIA DELLA PISANA;;;Scontro frontale/laterale DX fra veicoli in marcia;Incrocio;Una carreggiata a doppio senso;Asciutto;Asfaltata;Verticale ed orizzontale;Sereno;Normale;Buona;Ore Diurne;0;0;0;2;12,42579;41,87628;-1;1;Autovettura privata;In marcia / fermata / arresto;Conducente;F;Illeso;0;;Non accertato;Inesploso
3772907;16;10/04/2018 17:00;Strada Urbana;VIA DI BRAVETTA;all'intersezione con;VIA DELLA PISANA;VIA DELLA PISANA;;;Scontro frontale/laterale DX fra veicoli in marcia;Incrocio;Una carreggiata a doppio senso;Asciutto;Asfaltata;Verticale ed orizzontale;Sereno;Normale;Buona;Ore Diurne;0;0;0;2;12,42579;41,87628;-1;2;Autocarro inferiore 35 q.;In marcia / fermata / arresto;Conducente;M;Illeso;0;;Non accertato;Inesploso
3772908;12;09/04/2018 14:00;Regionale;VIA PONTINA;da specificare;;;;km 21,000 dir. ROMA;Veicolo in marcia contro ostacolo accidentale;Rettilineo;Due carreggiate;Bagnato (pioggia);Con buche;Verticale ed orizzontale;Pioggia in atto;Intenso;Buona;Ore Diurne;0;0;0;1;12,43231;41,73542;-1;1;Autovettura privata;In marcia / fermata / arresto;Conducente;F;Illeso;0;;;
3772979;12;09/04/2018 21:50;Strada Urbana;VIA CRISTOFORO COLOMBO;da specificare;;;;prox Via di Mezzocammino direz. Ostia;Veicolo in marcia contro ostacolo accidentale;Curva a visuale libera;Due carreggiate;Bagnato (umidità in atto);Con buche;Verticale ed orizzontale;Nuvoloso;Normale;Buona;Inesistente;0;0;0;1;12,42502;41,78856;-1;1;Autovettura privata;In marcia / fermata / arresto;Conducente;F;Illeso;0;;Utilizzato;Inesploso
3772986;12;09/04/2018 21:00;Strada Urbana;VIA CRISTOFORO COLOMBO;da specificare;;;;carreg. centrale dir. Ostia prox v. Mezzocammino;Veicolo in marcia contro ostacolo accidentale;Curva a visuale libera;Due carreggiate;Bagnato (umidità in atto);Con buche;Verticale ed orizzontale;Nuvoloso;Normale;Buona;Inesistente;0;0;0;1;12,42509;41,78862;-1;1;Autovettura privata;In marcia / fermata / arresto;Conducente;M;Illeso;0;;Utilizzato;Inesploso
3773003;12;10/04/2018 09:30;Statale entro l'abitato;VIA OSTIENSE;da specificare;;;;civ. 258 direz. Roma centro ;Veicolo in marcia contro ostacolo accidentale;Rettilineo;Una carreggiata a doppio senso;Asciutto;Con buche;Verticale ed orizzontale;Nuvoloso;Normale;Buona;Ore Diurne;0;0;0;1;12,46543;41,84133;-1;1;Motociclo a solo;In marcia / fermata / arresto;Conducente;M;Illeso;0;;;
3773006;12;10/04/2018 15:00;Strada Urbana;VIALE FILIPPO TOMMASO MARINETTI;all'intersezione con;PIAZZA EUGENIO MONTALE;PIAZZA EUGENIO MONTALE;;;Veicolo in marcia contro ostacolo accidentale;Rotatoria;Due carreggiate;Asciutto;Asfaltata;Verticale ed orizzontale;Sereno;Normale;Buona;Ore Diurne;0;0;0;1;12,4703;41,80984;-1;1;Autovettura privata;In marcia / fermata / arresto;Conducente;F;Illeso;0;;;Inesploso
3773016;12;10/04/2018 23:40;Strada Urbana;VIA ERODE ATTICO;all'intersezione con;VIA APPIA PIGNATELLI;VIA APPIA PIGNATELLI;;;Scontro frontale/laterale DX fra veicoli in marcia;Intersezione semaforizzata;Una carreggiata a doppio senso;Asciutto;Asfaltata;Verticale ed orizzontale;Sereno;Scarso;Buona;Sufficiente;1;0;0;1;12,5456;41,8396;-1;1;Quadriciclo leggero;In marcia / fermata / arresto;Conducente;M;Illeso;0;;;
3773016;12;10/04/2018 23:40;Strada Urbana;VIA ERODE ATTICO;all'intersezione con;VIA APPIA PIGNATELLI;VIA APPIA PIGNATELLI;;;Scontro frontale/laterale DX fra veicoli in marcia;Intersezione semaforizzata;Una carreggiata a doppio senso;Asciutto;Asfaltata;Verticale ed orizzontale;Sereno;Scarso;Buona;Sufficiente;1;0;0;1;12,5456;41,8396;-1;2;Motociclo a solo;In marcia / fermata / arresto;Conducente;M;Rimandato;0;NON DECEDUTO;;
3773024;12;11/04/2018 11:30;Strada Urbana;VIALE DELL'AERONAUTICA;in prossimità;;del civico n.;122;;Scontro frontale/laterale SX fra veicoli in marcia;Rettilineo;Due carreggiate;Asciutto;Asfaltata;Verticale ed orizzontale;Nuvoloso;Normale;Buona;Ore Diurne;0;0;0;2;12,47852;41,82644;-1;1;Motociclo a solo;In marcia / fermata / arresto;Conducente;F;Illeso;0;;Utilizzato;
3773024;12;11/04/2018 11:30;Strada Urbana;VIALE DELL'AERONAUTICA;in prossimità;;del civico n.;122;;Scontro frontale/laterale SX fra veicoli in marcia;Rettilineo;Due carreggiate;Asciutto;Asfaltata;Verticale ed orizzontale;Nuvoloso;Normale;Buona;Ore Diurne;0;0;0;2;12,47852;41,82644;-1;2;Autovettura privata;In marcia / fermata / arresto;Conducente;M;Illeso;0;;Utilizzato;Inesploso
3773093;17;11/04/2018 10:15;Strada Urbana;VIALE GIULIO CESARE;all'intersezione con;VIA OTRANTO;VIA OTRANTO;;;Investimento di pedone;Intersezione stradale segnalata;Una carreggiata a senso unico di marcia;Asciutto;Asfaltata;Verticale ed orizzontale;Sereno;Normale;Sufficiente;Sufficiente;1;0;0;1;12,45685;41,90925;-1;;;;Pedone;M;Rimandato;0;NON DECEDUTO;;
3773093;17;11/04/2018 10:15;Strada Urbana;VIALE GIULIO CESARE;all'intersezione con;VIA OTRANTO;VIA OTRANTO;;;Investimento di pedone;Intersezione stradale segnalata;Una carreggiata a senso unico di marcia;Asciutto;Asfaltata;Verticale ed orizzontale;Sereno;Normale;Sufficiente;Sufficiente;1;0;0;1;12,45685;41,90925;-1;1;Autocarro inferiore 35 q.;In marcia / fermata / arresto;Conducente;M;Illeso;0;;;
3773259;9;11/04/2018 10:00;Strada Urbana;VIA DI S. MARIA AUSILIATRICE;da specificare;;;;altezza civico 39, in prossimità di Via M. Scevola;Investimento di pedone;Rettilineo;Una carreggiata a doppio senso;Asciutto;Asfaltata;Verticale ed orizzontale;Nuvoloso;Normale;Buona;Ore Diurne;1;0;0;2;12,53131;41,87299;-1;;;;Pedone;F;Rimandato;0;NON DECEDUTO;;