Protocollo;Gruppo;DataOraIncidente;Localizzazione1;STRADA1;Localizzazione2;STRADA2;Strada02;Chilometrica;DaSpecificare;NaturaIncidente;particolaritastrade;TipoStrada;FondoStradale;Pavimentazione;Segnaletica;CondizioneAtmosferica;Traffico;Visibilita;Illuminazione;NUM_FERITI;NUM_RISERVATA;NUM_MORTI;NUM_ILLESI;Longitudine;Latitudine;Confermato;Progressivo;TipoVeicolo;StatoVeicolo;TipoPersona;Sesso;Tipolesione;Deceduto;DecedutoDopo;CinturaCascoUtilizzato;Airbag
3776284;2;12/04/2018 11:25;Strada Urbana;VIALE PARIOLI;in prossimità;;del civico n.;94 A;;Scontro laterale fra veicoli in marcia;Pendenza;Una carreggiata a doppio senso;Asciutto;Asfaltata;Verticale ed orizzontale;Nuvoloso;Normale;Buona;Ore Diurne;1;0;0;2;12,48639;41,9266;-1;2;Motociclo a solo;In marcia / fermata / arresto;Conducente;M;Rimandato;0;NON DECEDUTO;Non accertato;
3776285;2;12/04/2018 17:50;Strada Urbana;LUNGOTEVERE ARNALDO DA BRESCIA;da specificare;;;;via Domenico Azuni;Scontro laterale fra veicoli in marcia;Rettilineo;Una carreggiata a senso unico di marcia;Asciutto;Asfaltata;Verticale ed orizzontale;Sereno;Normale;Buona;Ore Diurne;0;0;0;2;12,47263;41,91228;-1;1;Autovettura privata;In marcia / fermata / arresto;Conducente;M;Illeso;0;;Non accertato;Inesploso
3776285;2;12/04/2018 17:50;Strada Urbana;LUNGOTEVERE ARNALDO DA BRESCIA;da specificare;;;;via Domenico Azuni;Scontro laterale fra veicoli in marcia;Rettilineo;Una carreggiata a senso unico di marcia;Asciutto;Asfaltata;Verticale ed orizzontale;Sereno;Normale;Buona;Ore Diurne;0;0;0;2;12,47263;41,91228;-1;2;Autovettura privata;In marcia / fermata / arresto;Conducente;M;Illeso;0;;;
3776289;2;12/04/2018 18:40;Strada Urbana;VIA DEI CAMPI SPORTIVI;da specificare;;;;prox l.go G. Onesti;Scontro laterale fra veicoli in marcia;Rettilineo;Una carreggiata a doppio senso;Asciutto;Asfaltata;Verticale ed orizzontale;Sereno;Intenso;Buona;Ore Diurne;0;0;0;2;12,49027;41,9358;-1;1;Autovettura privata;In marcia / fermata / arresto;Conducente;M;Illeso;0;;Non accertato;Inesploso
3776289;2;12/04/2018 18:40;Strada Urbana;VIA DEI CAMPI SPORTIVI;da specificare;;;;prox l.go G. Onesti;Scontro laterale fra veicoli in marcia;Rettilineo;Una carreggiata a doppio senso;Asciutto;Asfaltata;Verticale ed orizzontale;Sereno;Intenso;Buona;Ore Diurne;0;0;0;2;12,49027;41,9358;-1;2;Motociclo a solo;In marcia / fermata / arresto;Conducente;M;Illeso;0;;Non accertato;
3776296;20;13/04/2018 09:00;Strada Urbana;VIALE DI TOR DI QUINTO;da specificare;;;;all'interno area parcheggio privato pross. civ 117;Veicolo in marcia contro veicolo in sosta;Rettilineo;Una carreggiata a doppio senso;Asciutto;Sterrata;Assente;Sereno;Normale;Buona;Ore Diurne;0;0;0;1;12,48651;41,94496;-1;1;Autocaravan;In marcia / fermata / arresto;Conducente;M;Illeso;0;;Non accertato;Inesistente
3776302;4;12/04/2018 13:35;Strada Urbana;VIA CONCA D'ORO;all'intersezione con;VIA VAL SANTERNO;VIA VAL SANTERNO;;;Scontro laterale fra veicoli in marcia;Intersezione stradale segnalata;Una carreggiata a senso unico di marcia;Bagnato (pioggia);Asfaltata;Verticale ed orizzontale;Nuvoloso;Normale;Buona;Ore Diurne;0;0;0;3;12,52436;41,94052;-1;1;Autocarro inferiore 35 q.;In marcia / fermata / arresto;Conducente;M;Illeso;0;;Non accertato;Inesploso
3776302;4;12/04/2018 13:35;Strada Urbana;VIA CONCA D'ORO;all'intersezione con;VIA VAL SANTERNO;VIA VAL SANTERNO;;;Scontro laterale fra veicoli in marcia;Intersezione stradale segnalata;Una carreggiata a senso unico di marcia;Bagnato (pioggia);Asfaltata;Verticale ed orizzontale;Nuvoloso;Normale;Buona;Ore Diurne;0;0;0;3;12,52436;41,94052;-1;1;Autocarro inferiore 35 q.;In marcia / fermata / arresto;Passeggero;M;Illeso;0;;Non accertato;Inesistente
3776302;4;12/04/2018 13:35;Strada Urbana;VIA CONCA D'ORO;all'intersezione con;VIA VAL SANTERNO;VIA VAL SANTERNO;;;Scontro laterale fra veicoli in marcia;Intersezione stradale segnalata;Una carreggiata a senso unico di marcia;Bagnato (pioggia);Asfaltata;Verticale ed orizzontale;Nuvoloso;Normale;Buona;Ore Diurne;0;0;0;3;12,52436;41,94052;-1;2;Autovettura privata;In marcia / fermata / arresto;Conducente;M;Illeso;0;;Non accertato;
3776311;16;12/04/2018 08:05;Strada Urbana;VIA ROBERTO ALESSANDRI;all'intersezione con;VIA CASIMIRO MANASSEI;VIA CASIMIRO MANASSEI;;;Scontro frontale/laterale DX fra veicoli in marcia;Intersezione non regolata/non segnalata;Una carreggiata a senso unico di marcia;Bagnato (pioggia);Asfaltata;Verticale ed orizzontale;Nuvoloso;Scarso;Buona;Ore Diurne;1;0;0;1;12,44115;41,86752;-1;1;Autovettura privata;In marcia / fermata / arresto;Conducente;F;Illeso;0;;Non accertato;Inesploso
3776311;16;12/04/2018 08:05;Strada Urbana;VIA ROBERTO ALESSANDRI;all'intersezione con;VIA CASIMIRO MANASSEI;VIA CASIMIRO MANASSEI;;;Scontro frontale/laterale DX fra veicoli in marcia;Intersezione non regolata/non segnalata;Una carreggiata a senso unico di marcia;Bagnato (pioggia);Asfaltata;Verticale ed orizzontale;Nuvoloso;Scarso;Buona;Ore Diurne;1;0;0;1;12,44115;41,86752;-1;2;Autovettura privata;In marcia / fermata / arresto;Conducente;F;Rifiuta cure immediate;0;NON DECEDUTO;Non accertato;Inesploso
3776325;17;13/04/2018 08:20;Strada Urbana;VIA LEONE IV;all'intersezione semaforizzata con;LARGO TRIONFALE;LARGO TRIONFALE;;;Scontro frontale/laterale SX fra veicoli in marcia;Intersezione semaforizzata;Una carreggiata a doppio senso;Asciutto;Asfaltata;Verticale ed orizzontale;Sereno;Intenso;Buona;Ore Diurne;1;0;0;2;12,45493;41,91036;-1;1;Autovettura privata;In marcia / fermata / arresto;Conducente;M;Illeso;0;;;
3776325;17;13/04/2018 08:20;Strada Urbana;VIA LEONE IV;all'intersezione semaforizzata con;LARGO TRIONFALE;LARGO TRIONFALE;;;Scontro frontale/laterale SX fra veicoli in marcia;Intersezione semaforizzata;Una carreggiata a doppio senso;Asciutto;Asfaltata;Verticale ed orizzontale;Sereno;Intenso;Buona;Ore Diurne;1;0;0;2;12,45493;41,91036;-1;1;Autovettura privata;In marcia / fermata / arresto;Passeggero;M;Illeso;0;;;
3776325;17;13/04/2018 08:20;Strada Urbana;VIA LEONE IV;all'intersezione semaforizzata con;LARGO TRIONFALE;LARGO TRIONFALE;;;Scontro frontale/laterale SX fra veicoli in marcia;Intersezione semaforizzata;Una carreggiata a doppio senso;Asciutto;Asfaltata;Verticale ed orizzontale;Sereno;Intenso;Buona;Ore Diurne;1;0;0;2;12,45493;41,91036;-1;2;Velocipede;In marcia / fermata / arresto;Conducente;F;Rifiuta cure immediate;0;NON DECEDUTO;Esente;
3776328;2;13/04/2018 04:15;Strada Urbana;VIALE REGINA MARGHERITA;da specificare;;;;altezza civico 181/A;Veicolo in marcia contro veicoli in sosta;Rettilineo;Due carreggiate;Asciutto;Asfaltata;Verticale ed orizzontale;Sereno;Scarso;Buona;Sufficiente;1;0;0;0;12,50626;41,91319;-1;1;Autovettura privata;In marcia / fermata / arresto;Conducente;M;Rimandato;0;NON DECEDUTO;Non utilizzato;Esploso
3776348;16;12/04/2018 13:35;Strada Urbana;VIA DEGLI ORTI DI CESARE;all'intersezione con;PIAZZA FLAVIO BIONDO;PIAZZA FLAVIO BIONDO;;;Scontro laterale fra veicoli in marcia;Incrocio;Due carreggiate;Asciutto;Asfaltata;Verticale ed orizzontale;Nuvoloso;Normale;Buona;Ore Diurne;0;0;0;3;12,46662;41,87319;-1;1;Autovettura privata;In marcia / fermata / arresto;Conducente;M;Illeso;0;;Non accertato;Inesploso
3776348;16;12/04/2018 13:35;Strada Urbana;VIA DEGLI ORTI DI CESARE;all'intersezione con;PIAZZA FLAVIO BIONDO;PIAZZA FLAVIO BIONDO;;;Scontro laterale fra veicoli in marcia;Incrocio;Due carreggiate;Asciutto;Asfaltata;Verticale ed orizzontale;Nuvoloso;Normale;Buona;Ore Diurne;0;0;0;3;12,46662;41,87319;-1;1;Autovettura privata;In marcia / fermata / arresto;Passeggero;M;Illeso;0;;Non accertato;Inesploso
3776348;16;12/04/2018 13:35;Strada Urbana;VIA DEGLI ORTI DI CESARE;all'intersezione con;PIAZZA FLAVIO BIONDO;PIAZZA FLAVIO BIONDO;;;Scontro laterale fra veicoli in marcia;Incrocio;Due carreggiate;Asciutto;Asfaltata;Verticale ed orizzontale;Nuvoloso;Normale;Buona;Ore Diurne;0;0;0;3;12,46662;41,87319;-1;2;Autobus urbano;In marcia / fermata / arresto;Conducente;M;Illeso;0;;Non accertato;Inesploso
3776360;4;12/04/2018 16:00;Strada Urbana;VIA MONTE MASSICO;in corrispondenza;;del civico n.;25;;Veicolo in marcia contro veicolo in sosta;Rettilineo;Una carreggiata a doppio senso;Asciutto;Asfaltata;Assente;Sereno;Scarso;Buona;Ore Diurne;0;0;0;1;12,53425;41,95059;-1;2;Autovettura privata;In marcia / fermata / arresto;Conducente;M;Illeso;0;;;
3776371;10;13/04/2018 10:15;Strada Urbana;VIA ANAGNINA;in prossimità;;del civico n.;289A;;Tamponamento Multiplo;Rettilineo;Una carreggiata a senso unico di marcia;Asciutto;Asfaltata;Orizzontale;Nuvoloso;Normale;Buona;Ore Diurne;1;0;0;4;12,61103;41,82025;-1;1;Autocarro inferiore 35 q.;In marcia / fermata / arresto;Conducente;M;Illeso;0;;Non accertato;Inesploso
3776371;10;13/04/2018 10:15;Strada Urbana;VIA ANAGNINA;in prossimità;;del civico n.;289A;;Tamponamento Multiplo;Rettilineo;Una carreggiata a senso unico di marcia;Asciutto;Asfaltata;Orizzontale;Nuvoloso;Normale;Buona;Ore Diurne;1;0;0;4;12,61103;41,82025;-1;2;Autovettura privata;In marcia / fermata / arresto;Conducente;M;Illeso;0;;Non accertato;Inesploso
3776371;10;13/04/2018 10:15;Strada Urbana;VIA ANAGNINA;in prossimità;;del civico n.;289A;;Tamponamento Multiplo;Rettilineo;Una carreggiata a senso unico di marcia;Asciutto;Asfaltata;Orizzontale;Nuvoloso;Normale;Buona;Ore Diurne;1;0;0;4;12,61103;41,82025;-1;2;Autovettura privata;In marcia / fermata / arresto;Passeggero;F;Illeso;0;;Non accertato;Inesploso
3776371;10;13/04/2018 10:15;Strada Urbana;VIA ANAGNINA;in prossimità;;del civico n.;289A;;Tamponamento Multiplo;Rettilineo;Una carreggiata a senso unico di marcia;Asciutto;Asfaltata;Orizzontale;Nuvoloso;Normale;Buona;Ore Diurne;1;0;0;4;12,61103;41,82025;-1;2;Autovettura privata;In marcia / fermata / arresto;Passeggero;F;Rifiuta cure immediate;0;NON DECEDUTO;Non accertato;Inesploso
3776371;10;13/04/2018 10:15;Strada Urbana;VIA ANAGNINA;in prossimità;;del civico n.;289A;;Tamponamento Multiplo;Rettilineo;Una carreggiata a senso unico di marcia;Asciutto;Asfaltata;Orizzontale;Nuvoloso;Normale;Buona;Ore Diurne;1;0;0;4;12,61103;41,82025;-1;3;Autovettura privata;In marcia / fermata / arresto;Conducente;M;Illeso;0;;Non accertato;Inesploso
3776380;7;13/04/2018 07:20;Provinciale entro l'abitato;VIA PRENESTINA;in prossimità;;del civico n.;1066;;Veicolo in marcia contro ostacolo accidentale;Rettilineo;Una carreggiata a doppio senso;Asciutto;Asfaltata;Orizzontale;Nuvoloso;Intenso;Buona;Ore Diurne;0;0;0;1;12,611;41,8933;-1;1;Autovettura privata;In marcia / fermata / arresto;Conducente;F;Illeso;0;;Non accertato;Inesploso
3776403;4;12/04/2018 23:00;Strada Urbana;VIA SALARIA;da specificare;;;;altezza rampa Fidene dir. Via di Villa Spada;Veicolo in marcia contro ostacolo fisso;Curva senza visuale libera;Più di due carreggiate;Asciutto;Asfaltata;Verticale ed orizzontale;Sereno;Scarso;Buona;Sufficiente;2;0;0;0;12,51724;41,98601;0;1;Autovettura privata;In marcia / fermata / arresto;Conducente;F;Rimandato;0;NON DECEDUTO;Non accertato;
3776403;4;12/04/2018 23:00;Strada Urbana;VIA SALARIA;da specificare;;;;altezza rampa Fidene dir. Via di Villa Spada;Veicolo in marcia contro ostacolo fisso;Curva senza visuale libera;Più di due carreggiate;Asciutto;Asfaltata;Verticale ed orizzontale;Sereno;Scarso;Buona;Sufficiente;2;0;0;0;12,51724;41,98601;0;1;Autovettura privata;In marcia / fermata / arresto;Passeggero;F;Rimandato;0;NON DECEDUTO;Non accertato;
3776433;2;13/04/2018 04:30;Strada Urbana;VIALE REGINA MARGHERITA;in corrispondenza;;del civico n.;208;;Veicolo in marcia contro ostacolo accidentale;Rettilineo;Due carreggiate;Asciutto;Asfaltata;Verticale ed orizzontale;Sereno;Scarso;Buona;Sufficiente;0;0;0;3;12,50451;41,91441;-1;1;Autovettura pubblica;In marcia / fermata / arresto;Conducente;M;Illeso;0;;Non accertato;Inesploso
3776433;2;13/04/2018 04:30;Strada Urbana;VIALE REGINA MARGHERITA;in corrispondenza;;del civico n.;208;;Veicolo in marcia contro ostacolo accidentale;Rettilineo;Due carreggiate;Asciutto;Asfaltata;Verticale ed orizzontale;Sereno;Scarso;Buona;Sufficiente;0;0;0;3;12,50451;41,91441;-1;1;Autovettura pubblica;In marcia / fermata / arresto;Passeggero;M;Illeso;0;;Non accertato;Inesploso
3776451;16;12/04/2018 18:10;Strada Urbana;PIAZZA S. GIOVANNI DI DIO;da specificare;;;;fronte civico 10;Investimento di pedone;Rettilineo;Una carreggiata a senso unico di marcia;Asciutto;Asfaltata;Verticale ed orizzontale;Sereno;Normale;Buona;Ore Diurne;1;0;0;6;12,44649;41,87446;-1;;;;Pedone;M;Illeso;0;;;
3776451;16;12/04/2018 18:10;Strada Urbana;PIAZZA S. GIOVANNI DI DIO;da specificare;;;;fronte civico 10;Investimento di pedone;Rettilineo;Una carreggiata a senso unico di marcia;Asciutto;Asfaltata;Verticale ed orizzontale;Sereno;Normale;Buona;Ore Diurne;1;0;0;6;12,44649;41,87446;-1;;;;Pedone;F;Rimandato;0;NON DECEDUTO;;
3776451;16;12/04/2018 18:10;Strada Urbana;PIAZZA S. GIOVANNI DI DIO;da specificare;;;;fronte civico 10;Investimento di pedone;Rettilineo;Una carreggiata a senso unico di marcia;Asciutto;Asfaltata;Verticale ed orizzontale;Sereno;Normale;Buona;Ore Diurne;1;0;0;6;12,44649;41,87446;-1;1;Autovettura privata;In marcia / fermata / arresto;Conducente;F;Illeso;0;;Non accertato;Inesploso
3776451;16;12/04/2018 18:10;Strada Urbana;PIAZZA S. GIOVANNI DI DIO;da specificare;;;;fronte civico 10;Investimento di pedone;Rettilineo;Una carreggiata a senso unico di marcia;Asciutto;Asfaltata;Verticale ed orizzontale;Sereno;Normale;Buona;Ore Diurne;1;0;0;6;12,44649;41,87446;-1;1;Autovettura privata;In marcia / fermata / arresto;Passeggero;M;Illeso;0;;Non accertato;Inesploso
3776451;16;12/04/2018 18:10;Strada Urbana;PIAZZA S. GIOVANNI DI DIO;da specificare;;;;fronte civico 10;Investimento di pedone;Rettilineo;Una carreggiata a senso unico di marcia;Asciutto;Asfaltata;Verticale ed orizzontale;Sereno;Normale;Buona;Ore Diurne;1;0;0;6;12,44649;41,87446;-1;1;Autovettura privata;In marcia / fermata / arresto;Passeggero;F;Illeso;0;;Non accertato;Inesploso
3776451;16;12/04/2018 18:10;Strada Urbana;PIAZZA S. GIOVANNI DI DIO;da specificare;;;;fronte civico 10;Investimento di pedone;Rettilineo;Una carreggiata a senso unico di marcia;Asciutto;Asfaltata;Verticale ed orizzontale;Sereno;Normale;Buona;Ore Diurne;1;0;0;6;12,44649;41,87446;-1;1;Autovettura privata;In marcia / fermata / arresto;Passeggero;M;Illeso;0;;Non accertato;Inesploso
3776451;16;12/04/2018 18:10;Strada Urbana;PIAZZA S. GIOVANNI DI DIO;da specificare;;;;fronte civico 10;Investimento di pedone;Rettilineo;Una carreggiata a senso unico di marcia;Asciutto;Asfaltata;Verticale ed orizzontale;Sereno;Normale;Buona;Ore Diurne;1;0;0;6;12,44649;41,87446;-1;1;Autovettura privata;In marcia / fermata / arresto;Passeggero;F;Illeso;0;;Non accertato;Inesploso
3776459;11;13/04/2018 10:00;Strada Urbana;VIA ARDEATINA;da specificare;;;;prossimità palo luce 323;Tamponamento;Rettilineo;Una carreggiata a senso unico di marcia;Asciutto;Asfaltata;Verticale ed orizzontale;Sereno;Intenso;Buona;Ore Diurne;0;0;0;2;12,473;41,85249;-1;1;Autovettura privata;In marcia / fermata / arresto;Conducente;M;Illeso;0;;;
3776459;11;13/04/2018 10:00;Strada Urbana;VIA ARDEATINA;da specificare;;;;prossimità palo luce 323;Tamponamento;Rettilineo;Una carreggiata a senso unico di marcia;Asciutto;Asfaltata;Verticale ed orizzontale;Sereno;Intenso;Buona;Ore Diurne;0;0;0;2;12,473;41,85249;-1;2;Autovettura privata;In marcia / fermata / arresto;Conducente;M;Illeso;0;;;
3776465;20;13/04/2018 11:00;Strada Urbana;VIALE DEL FORO ITALICO;da specificare;;;;dir. Salaria alt. cavalcavia Tor di Quinto;Scontro laterale fra veicoli in marcia;Rettilineo;Due carreggiate;Asciutto;Asfaltata;Orizzontale;Sereno;Normale;Buona;Ore Diurne;1;0;0;1;12,45794;41,93227;-1;1;Motociclo a solo;In marcia / fermata / arresto;Conducente;M;Illeso;0;;Non accertato;
3776465;20;13/04/2018 11:00;Strada Urbana;VIALE DEL FORO ITALICO;da specificare;;;;dir. Salaria alt. cavalcavia Tor di Quinto;Scontro laterale fra veicoli in marcia;Rettilineo;Due carreggiate;Asciutto;Asfaltata;Orizzontale;Sereno;Normale;Buona;Ore Diurne;1;0;0;1;12,45794;41,93227;-1;2;Motociclo a solo;In marcia / fermata / arresto;Conducente;M;Rifiuta cure immediate;0;NON DECEDUTO;Non accertato;
3776471;12;13/04/2018 10:10;Strada Urbana;VIALE EGEO;all'intersezione semaforizzata con;VIA MONTE DEL FINOCCHIO;VIA MONTE DEL FINOCCHIO;;;Scontro laterale fra veicoli in marcia;Intersezione semaforizzata;Una carreggiata a doppio senso;Asciutto;Asfaltata;Verticale ed orizzontale;Nuvoloso;Intenso;Buona;Ore Diurne;0;0;0;3;12,45655;41,83136;-1;1;Autovettura privata;In marcia / fermata / arresto;Conducente;M;Illeso;0;;Non accertato;Inesploso
3776471;12;13/04/2018 10:10;Strada Urbana;VIALE EGEO;all'intersezione semaforizzata con;VIA MONTE DEL FINOCCHIO;VIA MONTE DEL FINOCCHIO;;;Scontro laterale fra veicoli in marcia;Intersezione semaforizzata;Una carreggiata a doppio senso;Asciutto;Asfaltata;Verticale ed orizzontale;Nuvoloso;Intenso;Buona;Ore Diurne;0;0;0;3;12,45655;41,83136;-1;1;Autovettura privata;In marcia / fermata / arresto;Passeggero;F;Illeso;0;;Non accertato;Inesploso
3776471;12;13/04/2018 10:10;Strada Urbana;VIALE EGEO;all'intersezione semaforizzata con;VIA MONTE DEL FINOCCHIO;VIA MONTE DEL FINOCCHIO;;;Scontro laterale fra veicoli in marcia;Intersezione semaforizzata;Una carreggiata a doppio senso;Asciutto;Asfaltata;Verticale ed orizzontale;Nuvoloso;Intenso;Buona;Ore Diurne;0;0;0;3;12,45655;41,83136;-1;2;Autovettura privata;In marcia / fermata / arresto;Conducente;M;Illeso;0;;Non accertato;Inesploso
3776485;3;12/04/2018 08:23;Strada Urbana;VIA DEL VERANO;in prossimità;;del civico n.;29b;;Scontro laterale fra veicoli in marcia;Rettilineo;Una carreggiata a senso unico di marcia;Bagnato (umidità in atto);Asfaltata;Verticale;Nuvoloso;Intenso;Buona;Ore Diurne;0;0;0;2;12,51991;41,89846;-1;1;Autocarro inferiore 35 q.;In marcia / fermata / arresto;Conducente;M;Illeso;0;;Non accertato;
3776485;3;12/04/2018 08:23;Strada Urbana;VIA DEL VERANO;in prossimità;;del civico n.;29b;;Scontro laterale fra veicoli in marcia;Rettilineo;Una carreggiata a senso unico di marcia;Bagnato (umidità in atto);Asfaltata;Verticale;Nuvoloso;Intenso;Buona;Ore Diurne;0;0;0;2;12,51991;41,89846;-1;2;Autovettura privata;In marcia / fermata / arresto;Conducente;M;Illeso;0;;Non accertato;
3776507;3;10/04/2018 18:00;Strada Urbana;VIA TIBURTINA;all'intersezione semaforizzata con;PIAZZALE VALERIO MASSIMO;PIAZZALE VALERIO MASSIMO;;;Scontro frontale/laterale SX fra veicoli in marcia;Intersezione semaforizzata;Più di due carreggiate;Asciutto;Asfaltata;Verticale ed orizzontale;Sereno;Normale;Buona;Ore Diurne;1;0;0;1;12,52203;41,906;-1;1;Autovettura privata;In marcia / fermata / arresto;Conducente;F;Illeso;0;;Non accertato;Inesploso
3776507;3;10/04/2018 18:00;Strada Urbana;VIA TIBURTINA;all'intersezione semaforizzata con;PIAZZALE VALERIO MASSIMO;PIAZZALE VALERIO MASSIMO;;;Scontro frontale/laterale SX fra veicoli in marcia;Intersezione semaforizzata;Più di due carreggiate;Asciutto;Asfaltata;Verticale ed orizzontale;Sereno;Normale;Buona;Ore Diurne;1;0;0;1;12,52203;41,906;-1;2;Motociclo a solo;In marcia / fermata / arresto;Conducente;M;Rimandato;0;NON DECEDUTO;Non accertato;
3776550;18;12/04/2018 14:30;Statale entro l'abitato;VIA AURELIA;in prossimità;;della chilometrica;9.5;;Tamponamento;Rettilineo;Due carreggiate;Bagnato (pioggia);Asfaltata;Verticale ed orizzontale;Pioggia in atto;Normale;Buona;Ore Diurne;0;0;0;4;12,40019;41,88574;-1;1;Autovettura privata;In marcia / fermata / arresto;Passeggero;F;Illeso;0;;;
3776550;18;12/04/2018 14:30;Statale entro l'abitato;VIA AURELIA;in prossimità;;della chilometrica;9.5;;Tamponamento;Rettilineo;Due carreggiate;Bagnato (pioggia);Asfaltata;Verticale ed orizzontale;Pioggia in atto;Normale;Buona;Ore Diurne;0;0;0;4;12,40019;41,88574;-1;1;Autovettura privata;In marcia / fermata / arresto;Conducente;M;Illeso;0;;;
3776550;18;12/04/2018 14:30;Statale entro l'abitato;VIA AURELIA;in prossimità;;della chilometrica;9.5;;Tamponamento;Rettilineo;Due carreggiate;Bagnato (pioggia);Asfaltata;Verticale ed orizzontale;Pioggia in atto;Normale;Buona;Ore Diurne;0;0;0;4;12,40019;41,88574;-1;2;Autovettura privata;In marcia / fermata / arresto;Conducente;M;Illeso;0;;;
3776550;18;12/04/2018 14:30;Statale entro l'abitato;VIA AURELIA;in prossimità;;della chilometrica;9.5;;Tamponamento;Rettilineo;Due carreggiate;Bagnato (pioggia);Asfaltata;Verticale ed orizzontale;Pioggia in atto;Normale;Buona;Ore Diurne;0;0;0;4;12,40019;41,88574;-1;2;Autovettura privata;In marcia / fermata / arresto;Passeggero;M;Illeso;0;;;
3776567;10;12/04/2018 19:20;Strada Urbana;VIA ANAGNINA;all'intersezione con;VIA BELLICIA;VIA BELLICIA;;;Scontro frontale fra veicoli in marcia;Intersezione semaforizzata;Più di due carreggiate;Asciutto;Asfaltata;Verticale ed orizzontale;Nuvoloso;Normale;Buona;Ore Diurne;3;0;0;0;12,60712;41,82273;-1;1;Motociclo a solo;In marcia / fermata / arresto;Conducente;M;Rimandato;0;NON DECEDUTO;Non accertato;
3776567;10;12/04/2018 19:20;Strada Urbana;VIA ANAGNINA;all'intersezione con;VIA BELLICIA;VIA BELLICIA;;;Scontro frontale fra veicoli in marcia;Intersezione semaforizzata;Più di due carreggiate;Asciutto;Asfaltata;Verticale ed orizzontale;Nuvoloso;Normale;Buona;Ore Diurne;3;0;0;0;12,60712;41,82273;-1;1;Motociclo a solo;In marcia / fermata / arresto;Passeggero;F;Rimandato;0;NON DECEDUTO;Non accertato;
3776567;10;12/04/2018 19:20;Strada Urbana;VIA ANAGNINA;all'intersezione con;VIA BELLICIA;VIA BELLICIA;;;Scontro frontale fra veicoli in marcia;Intersezione semaforizzata;Più di due carreggiate;Asciutto;Asfaltata;Verticale ed orizzontale;Nuvoloso;Normale;Buona;Ore Diurne;3;0;0;0;12,60712;41,82273;-1;2;Autovettura privata;In marcia / fermata / arresto;Conducente;F;Rimandato;0;NON DECEDUTO;Non accertato;Inesploso
3776593;12;12/04/2018 20:15;Statale;VIA OSTIENSE;da specificare;;;;dir. Ostia 50mt dopo intersezione V.dell'Ippica;Scontro laterale fra veicoli in marcia;Rettilineo;Una carreggiata a doppio senso;Asciutto;Asfaltata;Verticale ed orizzontale;Nuvoloso;Normale;Buona;Inesistente;0;0;0;2;12,41118;41,80896;-1;1;Motociclo a solo;In marcia / fermata / arresto;Conducente;M;Illeso;0;;Utilizzato;
3776593;12;12/04/2018 20:15;Statale;VIA OSTIENSE;da specificare;;;;dir. Ostia 50mt dopo intersezione V.dell'Ippica;Scontro laterale fra veicoli in marcia;Rettilineo;Una carreggiata a doppio senso;Asciutto;Asfaltata;Verticale ed orizzontale;Nuvoloso;Normale;Buona;Inesistente;0;0;0;2;12,41118;41,80896;-1;2;Autovettura privata;In marcia / fermata / arresto;Conducente;M;Illeso;0;;;
3776706;11;13/04/2018 13:50;Strada Urbana;VIA APPIA ANTICA;in prossimità;;del civico n.;107;;Tamponamento;Rettilineo;Una carreggiata a doppio senso;Asciutto;Lastricata;Orizzontale;Sereno;Scarso;Buona;Ore Diurne;0;1;0;1;12,51091;41,8608;-1;1;Autovettura privata;In marcia / fermata / arresto;Conducente;M;Illeso;0;;Non accertato;Inesploso
3776706;11;13/04/2018 13:50;Strada Urbana;VIA APPIA ANTICA;in prossimità;;del civico n.;107;;Tamponamento;Rettilineo;Una carreggiata a doppio senso;Asciutto;Lastricata;Orizzontale;Sereno;Scarso;Buona;Ore Diurne;0;1;0;1;12,51091;41,8608;-1;2;Motociclo a solo;In marcia / fermata / arresto;Conducente;M;Prognosi riservata;0;NON DECEDUTO;Non accertato;
3776708;12;11/04/2018 18:00;Regionale;VIA PONTINA;da specificare;;;;prox. km. 10,700 dir. Pomezia;Tamponamento;Rettilineo;Più di due carreggiate;Asciutto;Asfaltata;Verticale ed orizzontale;Nuvoloso;Intenso;Buona;Ore Diurne;0;0;0;2;12,45218;41,79401;-1;1;Autovettura privata;In marcia / fermata / arresto;Conducente;F;Illeso;0;;;Inesploso
3776708;12;11/04/2018 18:00;Regionale;VIA PONTINA;da specificare;;;;prox. km. 10,700 dir. Pomezia;Tamponamento;Rettilineo;Più di due carreggiate;Asciutto;Asfaltata;Verticale ed orizzontale;Nuvoloso;Intenso;Buona;Ore Diurne;0;0;0;2;12,45218;41,79401;-1;2;Autovettura privata;In marcia / fermata / arresto;Conducente;M;Illeso;0;;;Esploso
3776751;10;13/04/2018 13:50;Strada Urbana;VIA BIAGIO PETROCELLI;da specificare;;;;altezza area parcheggio pross. civ. 144;Scontro laterale fra veicoli in marcia;Rettilineo;Una carreggiata a doppio senso;Asciutto;Asfaltata;Verticale ed orizzontale;Sereno;Normale;Buona;Ore Diurne;0;0;0;2;12,60895;41,83932;-1;1;Autovettura privata;In marcia / fermata / arresto;Conducente;M;Illeso;0;;Non accertato;Inesploso
3776751;10;13/04/2018 13:50;Strada Urbana;VIA BIAGIO PETROCELLI;da specificare;;;;altezza area parcheggio pross. civ. 144;Scontro laterale fra veicoli in marcia;Rettilineo;Una carreggiata a doppio senso;Asciutto;Asfaltata;Verticale ed orizzontale;Sereno;Normale;Buona;Ore Diurne;0;0;0;2;12,60895;41,83932;-1;2;Autocarro inferiore 35 q.;In marcia / fermata / arresto;Conducente;M;Illeso;0;;Non accertato;Inesploso