Protocollo;Gruppo;DataOraIncidente;Localizzazione1;STRADA1;Localizzazione2;STRADA2;Strada02;Chilometrica;DaSpecificare;NaturaIncidente;particolaritastrade;TipoStrada;FondoStradale;Pavimentazione;Segnaletica;CondizioneAtmosferica;Traffico;Visibilita;Illuminazione;NUM_FERITI;NUM_RISERVATA;NUM_MORTI;NUM_ILLESI;Longitudine;Latitudine;Confermato;Progressivo;TipoVeicolo;StatoVeicolo;TipoPersona;Sesso;Tipolesione;Deceduto;DecedutoDopo;CinturaCascoUtilizzato;Airbag
3780067;1;14/04/2018 13:05;Strada Urbana;VIA CARLO ALBERTO;in corrispondenza;;del civico n.;29;;Scontro laterale fra veicoli in marcia;Rettilineo;Una carreggiata a doppio senso;Asciutto;In cubetti di porfido;Verticale ed orizzontale;Nuvoloso;Scarso;Buona;Ore Diurne;1;0;0;1;;;0;2;Autocarro inferiore 35 q.;In marcia / fermata / arresto;Conducente;M;Illeso;0;;Non accertato;Inesploso
3780071;5;14/04/2018 18:15;;PIAZZA EDOARDO PERSICO;da specificare;;;;PROSSIMITA' VIA IGINO GIORDANI;Veicolo in marcia contro veicolo in sosta;;;;;;;;;;0;0;0;1;12,55961;41,90614;0;1;Autovettura privata;In marcia / fermata / arresto;Conducente;M;Illeso;0;;;
3780090;5;14/04/2018 19:05;;VIA TIBURTINA;in prossimità;;del civico n.;722;;Tamponamento;;;;;;;;;;0;0;0;2;12,55182;41,91151;0;1;Autovettura privata;In marcia / fermata / arresto;Conducente;F;Illeso;0;;;
3780090;5;14/04/2018 19:05;;VIA TIBURTINA;in prossimità;;del civico n.;722;;Tamponamento;;;;;;;;;;0;0;0;2;12,55182;41,91151;0;2;Autovettura privata;In marcia / fermata / arresto;Conducente;F;Illeso;0;;;
3780095;7;13/04/2018 14:20;Strada Urbana;VIA GIACOMO BRESADOLA;all'intersezione con;VIA FILIPPO SMALDONE;VIA FILIPPO SMALDONE;;;Scontro frontale/laterale DX fra veicoli in marcia;Incrocio;Una carreggiata a doppio senso;Asciutto;Asfaltata;Verticale ed orizzontale;Sereno;Normale;Buona;Ore Diurne;0;0;0;3;12,56106;41,89377;-1;1;Autovettura privata;In marcia / fermata / arresto;Conducente;F;Illeso;0;;Non accertato;Inesploso
3780095;7;13/04/2018 14:20;Strada Urbana;VIA GIACOMO BRESADOLA;all'intersezione con;VIA FILIPPO SMALDONE;VIA FILIPPO SMALDONE;;;Scontro frontale/laterale DX fra veicoli in marcia;Incrocio;Una carreggiata a doppio senso;Asciutto;Asfaltata;Verticale ed orizzontale;Sereno;Normale;Buona;Ore Diurne;0;0;0;3;12,56106;41,89377;-1;2;Autovettura privata;In marcia / fermata / arresto;Conducente;M;Illeso;0;;Non accertato;Inesploso
3780095;7;13/04/2018 14:20;Strada Urbana;VIA GIACOMO BRESADOLA;all'intersezione con;VIA FILIPPO SMALDONE;VIA FILIPPO SMALDONE;;;Scontro frontale/laterale DX fra veicoli in marcia;Incrocio;Una carreggiata a doppio senso;Asciutto;Asfaltata;Verticale ed orizzontale;Sereno;Normale;Buona;Ore Diurne;0;0;0;3;12,56106;41,89377;-1;2;Autovettura privata;In marcia / fermata / arresto;Passeggero;M;Illeso;0;;Non accertato;Inesploso
3780097;19;15/04/2018 18:00;Strada Urbana;VIA DI SELVA CANDIDA;in prossimità;;del civico n.;193;;Scontro frontale fra veicoli in marcia;Rettilineo;Una carreggiata a doppio senso;Asciutto;Asfaltata;Orizzontale;Sereno;Normale;Buona;Ore Diurne;2;0;0;0;12,3764;41,93065;-1;1;Autovettura privata;In marcia / fermata / arresto;Conducente;M;Rimandato;0;NON DECEDUTO;Non accertato;Esploso
3780097;19;15/04/2018 18:00;Strada Urbana;VIA DI SELVA CANDIDA;in prossimità;;del civico n.;193;;Scontro frontale fra veicoli in marcia;Rettilineo;Una carreggiata a doppio senso;Asciutto;Asfaltata;Orizzontale;Sereno;Normale;Buona;Ore Diurne;2;0;0;0;12,3764;41,93065;-1;2;Autovettura privata;In marcia / fermata / arresto;Conducente;F;Rimandato;0;NON DECEDUTO;Non accertato;Inesploso
3780102;3;15/04/2018 00:05;Strada Urbana;VIA ELEONORA D'ARBOREA;in prossimità;;del civico n.;28;;Veicolo in marcia contro veicolo in sosta;Rettilineo;Una carreggiata a senso unico di marcia;Asciutto;Asfaltata;Verticale ed orizzontale;Sereno;Normale;Sufficiente;Sufficiente;0;0;0;2;12,52332;41,91158;-1;2;Autovettura privata;In marcia / fermata / arresto;Conducente;M;Illeso;0;;Non accertato;
3780102;3;15/04/2018 00:05;Strada Urbana;VIA ELEONORA D'ARBOREA;in prossimità;;del civico n.;28;;Veicolo in marcia contro veicolo in sosta;Rettilineo;Una carreggiata a senso unico di marcia;Asciutto;Asfaltata;Verticale ed orizzontale;Sereno;Normale;Sufficiente;Sufficiente;0;0;0;2;12,52332;41,91158;-1;2;Autovettura privata;In marcia / fermata / arresto;Passeggero;F;Illeso;0;;Non accertato;
3780105;7;13/04/2018 16:20;Strada Urbana;VIA PRENESTINA;in prossimità;;del civico n.;1053;;Scontro frontale/laterale SX fra veicoli in marcia;Rettilineo;Una carreggiata a doppio senso;Asciutto;Asfaltata;Orizzontale;Sereno;Intenso;Buona;Ore Diurne;1;0;0;2;12,609;41,89373;-1;1;Autovettura privata;In marcia / fermata / arresto;Passeggero;F;Illeso;0;;;
3780105;7;13/04/2018 16:20;Strada Urbana;VIA PRENESTINA;in prossimità;;del civico n.;1053;;Scontro frontale/laterale SX fra veicoli in marcia;Rettilineo;Una carreggiata a doppio senso;Asciutto;Asfaltata;Orizzontale;Sereno;Intenso;Buona;Ore Diurne;1;0;0;2;12,609;41,89373;-1;1;Autovettura privata;In marcia / fermata / arresto;Conducente;M;Illeso;0;;;
3780105;7;13/04/2018 16:20;Strada Urbana;VIA PRENESTINA;in prossimità;;del civico n.;1053;;Scontro frontale/laterale SX fra veicoli in marcia;Rettilineo;Una carreggiata a doppio senso;Asciutto;Asfaltata;Orizzontale;Sereno;Intenso;Buona;Ore Diurne;1;0;0;2;12,609;41,89373;-1;2;Motociclo a solo;In marcia / fermata / arresto;Conducente;M;Rimandato;0;NON DECEDUTO;;
3780108;19;14/04/2018 11:35;Strada Urbana;VIA PIETRO MAFFI;all'intersezione con;VIA PIETRO ADAMI;VIA PIETRO ADAMI;;;Investimento di pedone;Incrocio;Una carreggiata a doppio senso;Asciutto;Asfaltata;Assente;Sereno;Normale;Buona;Ore Diurne;1;0;0;1;12,41851;41,92421;-1;;;;Pedone;F;Rimandato;0;NON DECEDUTO;;
3780108;19;14/04/2018 11:35;Strada Urbana;VIA PIETRO MAFFI;all'intersezione con;VIA PIETRO ADAMI;VIA PIETRO ADAMI;;;Investimento di pedone;Incrocio;Una carreggiata a doppio senso;Asciutto;Asfaltata;Assente;Sereno;Normale;Buona;Ore Diurne;1;0;0;1;12,41851;41,92421;-1;1;Autovettura privata;In marcia / fermata / arresto;Conducente;M;Illeso;0;;Non accertato;Inesploso
3780114;3;16/04/2018 00:50;Strada Urbana;VIA NOMENTANA;in corrispondenza;;del civico n.;382;;Scontro frontale/laterale DX fra veicoli in marcia;Rettilineo;Due carreggiate;Asciutto;Asfaltata;Verticale ed orizzontale;Sereno;Scarso;Sufficiente;Sufficiente;1;0;0;1;12,52963;41,93312;-1;1;Motociclo a solo;In marcia / fermata / arresto;Conducente;M;Ricoverato;0;NON DECEDUTO;Non accertato;
3780114;3;16/04/2018 00:50;Strada Urbana;VIA NOMENTANA;in corrispondenza;;del civico n.;382;;Scontro frontale/laterale DX fra veicoli in marcia;Rettilineo;Due carreggiate;Asciutto;Asfaltata;Verticale ed orizzontale;Sereno;Scarso;Sufficiente;Sufficiente;1;0;0;1;12,52963;41,93312;-1;2;Autovettura privata;In marcia / fermata / arresto;Conducente;M;Illeso;0;;Non accertato;Inesploso
3780116;5;15/04/2018 02:00;Strada Urbana;VIA TIBURTINA;in prossimità;;del civico n.;870;;Scontro laterale fra veicoli in marcia;Rettilineo;Una carreggiata a senso unico di marcia;Asciutto;Asfaltata;Verticale ed orizzontale;Sereno;Scarso;Buona;Sufficiente;0;0;0;2;12,56477;41,91871;-1;1;Motociclo a solo;In marcia / fermata / arresto;Conducente;M;Illeso;0;;Non accertato;
3780116;5;15/04/2018 02:00;Strada Urbana;VIA TIBURTINA;in prossimità;;del civico n.;870;;Scontro laterale fra veicoli in marcia;Rettilineo;Una carreggiata a senso unico di marcia;Asciutto;Asfaltata;Verticale ed orizzontale;Sereno;Scarso;Buona;Sufficiente;0;0;0;2;12,56477;41,91871;-1;2;Autovettura privata;In marcia / fermata / arresto;Conducente;F;Illeso;0;;Non accertato;Inesploso
3780120;3;15/04/2018 11:10;Strada Urbana;PIAZZA DI NOVELLA;all'intersezione con;VIA DI PRISCILLA;VIA DI PRISCILLA;;;Veicolo in marcia contro ostacolo accidentale;Rotatoria;Una carreggiata a doppio senso;Asciutto;Asfaltata;Verticale ed orizzontale;Sereno;Scarso;Sufficiente;Sufficiente;1;0;0;0;12,51098;41,93091;0;1;Ciclomotore;In marcia / fermata / arresto;Conducente;M;Rimandato;0;NON DECEDUTO;;
3780125;5;15/04/2018 13:00;Strada Urbana;VIA GIUSEPPE ANTONIO ANDRIULLI;da specificare;;;;dir. lanciani prossimità svicolo inversione di mar;Scontro frontale/laterale DX fra veicoli in marcia;Rettilineo;Due carreggiate;Asciutto;Asfaltata;Verticale ed orizzontale;Nuvoloso;Normale;Sufficiente;Ore Diurne;1;0;0;3;12,55757;41,90388;-1;1;Autovettura privata;In marcia / fermata / arresto;Conducente;M;Illeso;0;;Non accertato;Inesploso
3780125;5;15/04/2018 13:00;Strada Urbana;VIA GIUSEPPE ANTONIO ANDRIULLI;da specificare;;;;dir. lanciani prossimità svicolo inversione di mar;Scontro frontale/laterale DX fra veicoli in marcia;Rettilineo;Due carreggiate;Asciutto;Asfaltata;Verticale ed orizzontale;Nuvoloso;Normale;Sufficiente;Ore Diurne;1;0;0;3;12,55757;41,90388;-1;1;Autovettura privata;In marcia / fermata / arresto;Passeggero;M;Illeso;0;;Non accertato;Inesploso
3780125;5;15/04/2018 13:00;Strada Urbana;VIA GIUSEPPE ANTONIO ANDRIULLI;da specificare;;;;dir. lanciani prossimità svicolo inversione di mar;Scontro frontale/laterale DX fra veicoli in marcia;Rettilineo;Due carreggiate;Asciutto;Asfaltata;Verticale ed orizzontale;Nuvoloso;Normale;Sufficiente;Ore Diurne;1;0;0;3;12,55757;41,90388;-1;1;Autovettura privata;In marcia / fermata / arresto;Passeggero;M;Illeso;0;;Non accertato;Inesploso
3780125;5;15/04/2018 13:00;Strada Urbana;VIA GIUSEPPE ANTONIO ANDRIULLI;da specificare;;;;dir. lanciani prossimità svicolo inversione di mar;Scontro frontale/laterale DX fra veicoli in marcia;Rettilineo;Due carreggiate;Asciutto;Asfaltata;Verticale ed orizzontale;Nuvoloso;Normale;Sufficiente;Ore Diurne;1;0;0;3;12,55757;41,90388;-1;2;Motociclo a solo;In marcia / fermata / arresto;Conducente;M;Rimandato;0;NON DECEDUTO;Non accertato;
3780126;18;16/04/2018 08:20;Strada Urbana;VIA ANASTASIO II;in corrispondenza;;del civico n.;6;;Veicolo in marcia contro ostacolo accidentale;Rettilineo;Una carreggiata a doppio senso;Asciutto;Asfaltata;Verticale ed orizzontale;Sereno;Normale;Buona;Ore Diurne;0;0;0;1;12,43843;41,89547;-1;1;Motociclo a solo;In marcia / fermata / arresto;Conducente;M;Illeso;0;;Non accertato;
3780127;1;14/04/2018 14:15;Strada Urbana;VIA DELL'AMBA ARADAM;in corrispondenza;;del civico n.;31/A;;Scontro frontale fra veicoli in marcia;Rettilineo;Una carreggiata a doppio senso;Asciutto;Asfaltata;Verticale ed orizzontale;Nuvoloso;Normale;Buona;Ore Diurne;0;0;0;2;12,50045;41,88373;-1;1;Autovettura privata;In marcia / fermata / arresto;Conducente;F;Illeso;0;;Non accertato;Inesploso
3780127;1;14/04/2018 14:15;Strada Urbana;VIA DELL'AMBA ARADAM;in corrispondenza;;del civico n.;31/A;;Scontro frontale fra veicoli in marcia;Rettilineo;Una carreggiata a doppio senso;Asciutto;Asfaltata;Verticale ed orizzontale;Nuvoloso;Normale;Buona;Ore Diurne;0;0;0;2;12,50045;41,88373;-1;2;Autovettura pubblica;In marcia / fermata / arresto;Conducente;M;Illeso;0;;Non accertato;Inesploso
3780128;17;15/04/2018 18:55;;PIAZZA DELLE CINQUE GIORNATE;in corrispondenza;;del civico n.;fronte civico 3;;Infortunio per sola frenata improvvisa;;;;;;;;;;0;0;0;1;;;0;1;Motociclo a solo;In marcia / fermata / arresto;Conducente;M;Illeso;0;;;
3780131;3;13/04/2018 16:10;Strada Urbana;VIALE VENTUNO APRILE;da specificare;;;;pross. 21;Tamponamento;Pendenza;Una carreggiata a doppio senso;Asciutto;Asfaltata;Verticale ed orizzontale;Sereno;Normale;Buona;Ore Diurne;0;0;0;2;12,52001;41,91765;-1;1;Autovettura privata;In marcia / fermata / arresto;Conducente;M;Illeso;0;;Non accertato;Inesploso
3780131;3;13/04/2018 16:10;Strada Urbana;VIALE VENTUNO APRILE;da specificare;;;;pross. 21;Tamponamento;Pendenza;Una carreggiata a doppio senso;Asciutto;Asfaltata;Verticale ed orizzontale;Sereno;Normale;Buona;Ore Diurne;0;0;0;2;12,52001;41,91765;-1;2;Autovettura privata;In marcia / fermata / arresto;Conducente;M;Illeso;0;;Non accertato;Inesploso
3780134;5;15/04/2018 13:00;Strada Urbana;VIA ROMOLO VALLI;in corrispondenza;;del civico n.;8;;Infortunio per sola frenata improvvisa;Curva a visuale libera;Una carreggiata a doppio senso;Asciutto;Asfaltata;Assente;Nuvoloso;Scarso;Buona;Ore Diurne;0;0;0;1;12,56895;41,94313;-1;1;Motociclo a solo;In marcia / fermata / arresto;Conducente;F;Illeso;0;;Non accertato;
3780143;10;16/04/2018 07:50;Strada Urbana;VIA BIAGIO PETROCELLI;in corrispondenza;;del palo luce n.;36;;Tamponamento;Rettilineo;Una carreggiata a doppio senso;Asciutto;Asfaltata;Verticale ed orizzontale;Foschia;Normale;Buona;Ore Diurne;2;0;0;1;12,60895;41,83932;-1;;;;Pedone;F;Rimandato;0;NON DECEDUTO;;
3780143;10;16/04/2018 07:50;Strada Urbana;VIA BIAGIO PETROCELLI;in corrispondenza;;del palo luce n.;36;;Tamponamento;Rettilineo;Una carreggiata a doppio senso;Asciutto;Asfaltata;Verticale ed orizzontale;Foschia;Normale;Buona;Ore Diurne;2;0;0;1;12,60895;41,83932;-1;1;Autovettura privata;In marcia / fermata / arresto;Conducente;M;Illeso;0;;Non accertato;Inesploso
3780143;10;16/04/2018 07:50;Strada Urbana;VIA BIAGIO PETROCELLI;in corrispondenza;;del palo luce n.;36;;Tamponamento;Rettilineo;Una carreggiata a doppio senso;Asciutto;Asfaltata;Verticale ed orizzontale;Foschia;Normale;Buona;Ore Diurne;2;0;0;1;12,60895;41,83932;-1;2;Autovettura privata;In marcia / fermata / arresto;Conducente;F;Rimandato;0;NON DECEDUTO;Non accertato;Inesistente
3780144;4;14/04/2018 09:30;Strada Urbana;VIA DI VALLE MELAINA;all'intersezione con;VIA STAMPALIA;VIA STAMPALIA;;;Scontro laterale fra veicoli in marcia;Incrocio;Due carreggiate;Asciutto;Asfaltata;Verticale ed orizzontale;Sereno;Normale;Buona;Ore Diurne;0;0;0;2;;;0;1;Autovettura privata;In marcia / fermata / arresto;Conducente;M;Illeso;0;;;
3780144;4;14/04/2018 09:30;Strada Urbana;VIA DI VALLE MELAINA;all'intersezione con;VIA STAMPALIA;VIA STAMPALIA;;;Scontro laterale fra veicoli in marcia;Incrocio;Due carreggiate;Asciutto;Asfaltata;Verticale ed orizzontale;Sereno;Normale;Buona;Ore Diurne;0;0;0;2;;;0;3;Autovettura privata;In marcia / fermata / arresto;Conducente;M;Illeso;0;;;
3780151;4;15/04/2018 18:05;Strada Urbana;VIA ARTURO GRAF;da specificare;;;;in corrispondenza del fronte civ. 21;Tamponamento Multiplo;Rettilineo;Due carreggiate;Asciutto;Asfaltata;Assente;Nuvoloso;Normale;Buona;Ore Diurne;1;0;0;3;12,55254;41,94319;-1;1;Autovettura privata;In marcia / fermata / arresto;Conducente;M;Illeso;0;;;
3780151;4;15/04/2018 18:05;Strada Urbana;VIA ARTURO GRAF;da specificare;;;;in corrispondenza del fronte civ. 21;Tamponamento Multiplo;Rettilineo;Due carreggiate;Asciutto;Asfaltata;Assente;Nuvoloso;Normale;Buona;Ore Diurne;1;0;0;3;12,55254;41,94319;-1;2;Autovettura privata;In marcia / fermata / arresto;Conducente;M;Illeso;0;;;
3780151;4;15/04/2018 18:05;Strada Urbana;VIA ARTURO GRAF;da specificare;;;;in corrispondenza del fronte civ. 21;Tamponamento Multiplo;Rettilineo;Due carreggiate;Asciutto;Asfaltata;Assente;Nuvoloso;Normale;Buona;Ore Diurne;1;0;0;3;12,55254;41,94319;-1;2;Autovettura privata;In marcia / fermata / arresto;Passeggero;M;Rimandato;0;NON DECEDUTO;;
3780151;4;15/04/2018 18:05;Strada Urbana;VIA ARTURO GRAF;da specificare;;;;in corrispondenza del fronte civ. 21;Tamponamento Multiplo;Rettilineo;Due carreggiate;Asciutto;Asfaltata;Assente;Nuvoloso;Normale;Buona;Ore Diurne;1;0;0;3;12,55254;41,94319;-1;3;Autovettura privata;In marcia / fermata / arresto;Conducente;M;Illeso;0;;;
3780152;19;15/04/2018 16:00;Strada Urbana;VIA DEI MONTI DI PRIMAVALLE;da specificare;;;;fronte civ. 121;Veicolo in marcia contro veicoli in sosta;Rettilineo;Una carreggiata a doppio senso;Asciutto;Asfaltata;Verticale ed orizzontale;Sereno;Scarso;Buona;Ore Diurne;2;0;0;0;12,41286;41,91002;-1;1;Quadriciclo leggero;In marcia / fermata / arresto;Conducente;F;Rifiuta cure immediate;0;NON DECEDUTO;Non accertato;Inesploso
3780152;19;15/04/2018 16:00;Strada Urbana;VIA DEI MONTI DI PRIMAVALLE;da specificare;;;;fronte civ. 121;Veicolo in marcia contro veicoli in sosta;Rettilineo;Una carreggiata a doppio senso;Asciutto;Asfaltata;Verticale ed orizzontale;Sereno;Scarso;Buona;Ore Diurne;2;0;0;0;12,41286;41,91002;-1;1;Quadriciclo leggero;In marcia / fermata / arresto;Passeggero;M;Rifiuta cure immediate;0;NON DECEDUTO;Non accertato;Inesploso
3780154;1;15/04/2018 11:40;Strada Urbana;PONTE GARIBALDI;all'intersezione semaforizzata con;LUNGOTEVERE DEGLI ANGUILLARA;LUNGOTEVERE DEGLI ANGUILLARA;;;Scontro frontale/laterale DX fra veicoli in marcia;Intersezione semaforizzata;Una carreggiata a doppio senso;Asciutto;Asfaltata;Verticale ed orizzontale;Nuvoloso;Normale;Buona;Ore Diurne;1;0;0;3;12,4745;41,89033;-1;1;Autovettura privata;In marcia / fermata / arresto;Conducente;F;Rimandato;0;NON DECEDUTO;Non accertato;Inesploso
3780154;1;15/04/2018 11:40;Strada Urbana;PONTE GARIBALDI;all'intersezione semaforizzata con;LUNGOTEVERE DEGLI ANGUILLARA;LUNGOTEVERE DEGLI ANGUILLARA;;;Scontro frontale/laterale DX fra veicoli in marcia;Intersezione semaforizzata;Una carreggiata a doppio senso;Asciutto;Asfaltata;Verticale ed orizzontale;Nuvoloso;Normale;Buona;Ore Diurne;1;0;0;3;12,4745;41,89033;-1;2;Autovettura privata;In marcia / fermata / arresto;Conducente;M;Illeso;0;;Non accertato;Inesploso
3780154;1;15/04/2018 11:40;Strada Urbana;PONTE GARIBALDI;all'intersezione semaforizzata con;LUNGOTEVERE DEGLI ANGUILLARA;LUNGOTEVERE DEGLI ANGUILLARA;;;Scontro frontale/laterale DX fra veicoli in marcia;Intersezione semaforizzata;Una carreggiata a doppio senso;Asciutto;Asfaltata;Verticale ed orizzontale;Nuvoloso;Normale;Buona;Ore Diurne;1;0;0;3;12,4745;41,89033;-1;2;Autovettura privata;In marcia / fermata / arresto;Passeggero;F;Illeso;0;;Non accertato;Inesploso
3780154;1;15/04/2018 11:40;Strada Urbana;PONTE GARIBALDI;all'intersezione semaforizzata con;LUNGOTEVERE DEGLI ANGUILLARA;LUNGOTEVERE DEGLI ANGUILLARA;;;Scontro frontale/laterale DX fra veicoli in marcia;Intersezione semaforizzata;Una carreggiata a doppio senso;Asciutto;Asfaltata;Verticale ed orizzontale;Nuvoloso;Normale;Buona;Ore Diurne;1;0;0;3;12,4745;41,89033;-1;2;Autovettura privata;In marcia / fermata / arresto;Passeggero;F;Illeso;0;;Non accertato;Inesploso
3780155;7;14/04/2018 01:00;Strada Urbana;VIA DEI CASTANI;in prossimità;;del civico n.;155;;Veicolo in marcia contro veicoli in sosta;Rettilineo;Una carreggiata a doppio senso;Asciutto;Asfaltata;Orizzontale;Sereno;Scarso;Buona;Sufficiente;0;0;0;1;12,56665;41,8836;-1;1;Autovettura privata;In marcia / fermata / arresto;Conducente;M;Illeso;0;;;
3780160;17;14/04/2018 21:10;Strada Urbana;PIAZZA DEL RISORGIMENTO;da specificare;;;;altezza palo acea 27;Tamponamento;Rettilineo;Una carreggiata a senso unico di marcia;Asciutto;Asfaltata;Verticale ed orizzontale;Sereno;Scarso;Buona;Insufficiente;0;0;0;2;12,45781;41,9059;-1;1;Autovettura privata;In marcia / fermata / arresto;Conducente;M;Illeso;0;;;
3780160;17;14/04/2018 21:10;Strada Urbana;PIAZZA DEL RISORGIMENTO;da specificare;;;;altezza palo acea 27;Tamponamento;Rettilineo;Una carreggiata a senso unico di marcia;Asciutto;Asfaltata;Verticale ed orizzontale;Sereno;Scarso;Buona;Insufficiente;0;0;0;2;12,45781;41,9059;-1;2;Autovettura privata;In marcia / fermata / arresto;Conducente;F;Illeso;0;;;
3780175;2;16/04/2018 00:10;Strada Urbana;VIALE DELLA MOSCHEA;da specificare;;;;altezza Ponte Salario;Veicolo in marcia contro ostacolo fisso;Rettilineo;Una carreggiata a doppio senso;Asciutto;Asfaltata;Verticale ed orizzontale;Sereno;Scarso;Buona;Sufficiente;0;0;0;2;12,49609;41,93513;-1;1;Autovettura privata;In marcia / fermata / arresto;Conducente;M;Illeso;0;;Non accertato;Inesploso
3780175;2;16/04/2018 00:10;Strada Urbana;VIALE DELLA MOSCHEA;da specificare;;;;altezza Ponte Salario;Veicolo in marcia contro ostacolo fisso;Rettilineo;Una carreggiata a doppio senso;Asciutto;Asfaltata;Verticale ed orizzontale;Sereno;Scarso;Buona;Sufficiente;0;0;0;2;12,49609;41,93513;-1;1;Autovettura privata;In marcia / fermata / arresto;Passeggero;M;Illeso;0;;Non accertato;Inesploso
3780190;1;15/04/2018 08:05;Strada Urbana;VIA LABICANA;in prossimità;;del palo luce n.;35;;Veicolo in marcia contro ostacolo fisso;Rettilineo;Due carreggiate;Asciutto;Asfaltata;Verticale ed orizzontale;Nuvoloso;Scarso;Buona;Ore Diurne;1;0;0;0;12,49905;41,88973;-1;1;Motociclo a solo;In marcia / fermata / arresto;Conducente;M;Ricoverato;0;NON DECEDUTO;Non accertato;
3780203;4;15/04/2018 22:50;Strada Urbana;VIALE TITINA DE FILIPPO;da specificare;;;;prossimità distributore TA24;Scontro laterale fra veicoli in marcia;Rettilineo;Due carreggiate;Asciutto;Asfaltata;Verticale;Sereno;Normale;Sufficiente;Sufficiente;0;0;0;2;12,51649;41,9667;-1;1;Autovettura privata;In marcia / fermata / arresto;Conducente;M;Illeso;0;;Non accertato;
3780203;4;15/04/2018 22:50;Strada Urbana;VIALE TITINA DE FILIPPO;da specificare;;;;prossimità distributore TA24;Scontro laterale fra veicoli in marcia;Rettilineo;Due carreggiate;Asciutto;Asfaltata;Verticale;Sereno;Normale;Sufficiente;Sufficiente;0;0;0;2;12,51649;41,9667;-1;2;Autobus di linea;In marcia / fermata / arresto;Conducente;M;Illeso;0;;Non accertato;
3780224;16;12/04/2018 12:30;Strada Urbana;VIA FEDERICO OZANAM;all'intersezione semaforizzata con;PIAZZA DI DONNA OLIMPIA;PIAZZA DI DONNA OLIMPIA;;;Tamponamento;Incrocio;Una carreggiata a doppio senso;Asciutto;Asfaltata;Verticale ed orizzontale;Sereno;Normale;Sufficiente;Ore Diurne;0;0;0;2;12,44921;41,87683;-1;1;Autovettura privata;In marcia / fermata / arresto;Conducente;M;Illeso;0;;Non accertato;Inesploso
3780224;16;12/04/2018 12:30;Strada Urbana;VIA FEDERICO OZANAM;all'intersezione semaforizzata con;PIAZZA DI DONNA OLIMPIA;PIAZZA DI DONNA OLIMPIA;;;Tamponamento;Incrocio;Una carreggiata a doppio senso;Asciutto;Asfaltata;Verticale ed orizzontale;Sereno;Normale;Sufficiente;Ore Diurne;0;0;0;2;12,44921;41,87683;-1;2;Autovettura privata;In marcia / fermata / arresto;Conducente;M;Illeso;0;;Non accertato;Inesploso
3780227;1;15/04/2018 15:30;Strada Urbana;VIA DOMENICO FONTANA;in prossimità;;del civico n.;12;;Veicolo in marcia contro ostacolo accidentale;Rettilineo;Una carreggiata a senso unico di marcia;Asciutto;Con buche;Verticale;Nuvoloso;Scarso;Buona;Ore Diurne;0;0;0;1;;;0;1;Velocipede;In marcia / fermata / arresto;Conducente;F;Illeso;0;;Esente;
3780235;19;16/04/2018 05:25;Strada Urbana;VIA DI CASAL DEL MARMO;in prossimità;;del civico n.;391;;Veicolo in marcia contro ostacolo accidentale;Rettilineo;Una carreggiata a doppio senso;Asciutto;Asfaltata;Orizzontale;Sereno;Normale;Buona;Ore Diurne;0;0;0;1;12,39123;41,94546;-1;1;Autovettura pubblica;In marcia / fermata / arresto;Conducente;M;Illeso;0;;Non accertato;Inesploso
3780252;1;14/04/2018 18:25;Strada Urbana;PIAZZA GIUSEPPE GIOACHINO BELLI;in corrispondenza;;del civico n.;1;;Veicolo in marcia contro veicolo in sosta;Rettilineo;Una carreggiata a senso unico di marcia;Asciutto;Asfaltata;Verticale ed orizzontale;Nuvoloso;Normale;Buona;Ore Diurne;0;0;0;1;12,47482;41,89031;-1;1;Autovettura privata;In marcia / fermata / arresto;Conducente;M;Illeso;0;;Non accertato;Inesploso
3780256;4;16/04/2018 02:20;Strada Urbana;VIA DELLE ISOLE CURZOLANE;all'intersezione con;PIAZZA DEGLI EUGANEI;PIAZZA DEGLI EUGANEI;;;Scontro frontale/laterale SX fra veicoli in marcia;Intersezione stradale segnalata;Due carreggiate;Asciutto;Asfaltata;Verticale ed orizzontale;Sereno;Scarso;Sufficiente;Sufficiente;0;0;0;2;12,53233;41,94856;-1;1;Autovettura privata;In marcia / fermata / arresto;Conducente;F;Illeso;0;;;Esploso
3780256;4;16/04/2018 02:20;Strada Urbana;VIA DELLE ISOLE CURZOLANE;all'intersezione con;PIAZZA DEGLI EUGANEI;PIAZZA DEGLI EUGANEI;;;Scontro frontale/laterale SX fra veicoli in marcia;Intersezione stradale segnalata;Due carreggiate;Asciutto;Asfaltata;Verticale ed orizzontale;Sereno;Scarso;Sufficiente;Sufficiente;0;0;0;2;12,53233;41,94856;-1;2;Autovettura privata;In marcia / fermata / arresto;Conducente;M;Illeso;0;;;
3780258;2;15/04/2018 13:40;;CORSO D'ITALIA;da specificare;;;;in prossimità di P.le Brasile;Fuoriuscita dalla sede stradale;;;;;;;;;;1;0;0;0;;;0;1;Motociclo a solo;In marcia / fermata / arresto;Conducente;M;Rimandato;0;NON DECEDUTO;;
3780260;2;14/04/2018 12:45;Strada Urbana;VIA PANAMA;in corrispondenza;;del civico n.;96;;Tamponamento Multiplo;Rettilineo;Una carreggiata a doppio senso;Asciutto;Asfaltata;Verticale ed orizzontale;Sereno;Normale;Buona;Ore Diurne;2;0;0;2;12,49884;41,92431;-1;1;Motociclo a solo;In marcia / fermata / arresto;Conducente;F;Illeso;0;;;