Protocollo;Gruppo;DataOraIncidente;Localizzazione1;STRADA1;Localizzazione2;STRADA2;Strada02;Chilometrica;DaSpecificare;NaturaIncidente;particolaritastrade;TipoStrada;FondoStradale;Pavimentazione;Segnaletica;CondizioneAtmosferica;Traffico;Visibilita;Illuminazione;NUM_FERITI;NUM_RISERVATA;NUM_MORTI;NUM_ILLESI;Longitudine;Latitudine;Confermato;Progressivo;TipoVeicolo;StatoVeicolo;TipoPersona;Sesso;Tipolesione;Deceduto;DecedutoDopo;CinturaCascoUtilizzato;Airbag
3787428;17;19/04/2018 16:30;Strada Urbana;VIA DI PORTA CASTELLO;da specificare;;;;fronte civico 13;Scontro frontale fra veicoli in marcia;Rettilineo;Una carreggiata a senso unico di marcia;Asciutto;Asfaltata;Verticale ed orizzontale;Sereno;Normale;Buona;Ore Diurne;0;0;0;5;12,46321;41,90417;-1;1;Autovettura privata;In marcia / fermata / arresto;Passeggero;M;Illeso;0;;;
3787428;17;19/04/2018 16:30;Strada Urbana;VIA DI PORTA CASTELLO;da specificare;;;;fronte civico 13;Scontro frontale fra veicoli in marcia;Rettilineo;Una carreggiata a senso unico di marcia;Asciutto;Asfaltata;Verticale ed orizzontale;Sereno;Normale;Buona;Ore Diurne;0;0;0;5;12,46321;41,90417;-1;2;Motociclo a solo;In marcia / fermata / arresto;Conducente;M;Illeso;0;;;
3787428;17;19/04/2018 16:30;Strada Urbana;VIA DI PORTA CASTELLO;da specificare;;;;fronte civico 13;Scontro frontale fra veicoli in marcia;Rettilineo;Una carreggiata a senso unico di marcia;Asciutto;Asfaltata;Verticale ed orizzontale;Sereno;Normale;Buona;Ore Diurne;0;0;0;5;12,46321;41,90417;-1;3;Autovettura privata;In marcia / fermata / arresto;Conducente;M;Illeso;0;;;
3787430;4;19/04/2018 23:50;Strada Urbana;VIALE JONIO;da specificare;;;;ALTEZZA VIA MATTEO BANDELLO;Scontro frontale/laterale DX fra veicoli in marcia;Rettilineo;Due carreggiate;Asciutto;Asfaltata;Verticale ed orizzontale;Sereno;Scarso;Buona;Sufficiente;1;0;0;2;12,53617;41,94413;-1;1;Autovettura privata;In marcia / fermata / arresto;Conducente;M;Illeso;0;;Non accertato;
3787430;4;19/04/2018 23:50;Strada Urbana;VIALE JONIO;da specificare;;;;ALTEZZA VIA MATTEO BANDELLO;Scontro frontale/laterale DX fra veicoli in marcia;Rettilineo;Due carreggiate;Asciutto;Asfaltata;Verticale ed orizzontale;Sereno;Scarso;Buona;Sufficiente;1;0;0;2;12,53617;41,94413;-1;1;Autovettura privata;In marcia / fermata / arresto;Passeggero;M;Illeso;0;;Non accertato;
3787430;4;19/04/2018 23:50;Strada Urbana;VIALE JONIO;da specificare;;;;ALTEZZA VIA MATTEO BANDELLO;Scontro frontale/laterale DX fra veicoli in marcia;Rettilineo;Due carreggiate;Asciutto;Asfaltata;Verticale ed orizzontale;Sereno;Scarso;Buona;Sufficiente;1;0;0;2;12,53617;41,94413;-1;2;Autovettura privata;In marcia / fermata / arresto;Conducente;M;Rifiuta cure immediate;0;NON DECEDUTO;Non accertato;
3787464;7;19/04/2018 08:45;Strada Urbana;VIA DI TOR SAPIENZA;in prossimità;;del civico n.;139;;Scontro laterale fra veicoli in marcia;Rettilineo;Una carreggiata a doppio senso;Asciutto;Asfaltata;Orizzontale;Sereno;Normale;Buona;Ore Diurne;0;0;0;2;12,59155;41,89782;-1;1;Autovettura privata;In marcia / fermata / arresto;Conducente;M;Illeso;0;;;
3787464;7;19/04/2018 08:45;Strada Urbana;VIA DI TOR SAPIENZA;in prossimità;;del civico n.;139;;Scontro laterale fra veicoli in marcia;Rettilineo;Una carreggiata a doppio senso;Asciutto;Asfaltata;Orizzontale;Sereno;Normale;Buona;Ore Diurne;0;0;0;2;12,59155;41,89782;-1;2;Autovettura privata;In marcia / fermata / arresto;Conducente;F;Illeso;0;;;
3787469;23;19/04/2018 18:00;Comunale extraurbana;VIA CRISTOFORO COLOMBO;in prossimità;;della chilometrica;19.8;;Infortunio per caduta del veicolo;Rettilineo;Più di due carreggiate;Asciutto;Asfaltata;Verticale ed orizzontale;Sereno;Normale;Buona;Ore Diurne;1;0;0;0;12,38285;41,76513;-1;1;Motociclo a solo;In marcia / fermata / arresto;Conducente;M;Rifiuta cure immediate;0;NON DECEDUTO;Utilizzato;
3787471;19;20/04/2018 08:30;Strada Urbana;VIA DELL'ACQUEDOTTO DEL PESCHIERA;in prossimità;;del civico n.;190;;Tamponamento;Rettilineo;Una carreggiata a senso unico di marcia;Asciutto;Asfaltata;Verticale ed orizzontale;Sereno;Intenso;Buona;Ore Diurne;0;0;0;3;12,42408;41,93682;-1;1;Autovettura privata;In marcia / fermata / arresto;Conducente;F;Illeso;0;;Non accertato;Inesploso
3787471;19;20/04/2018 08:30;Strada Urbana;VIA DELL'ACQUEDOTTO DEL PESCHIERA;in prossimità;;del civico n.;190;;Tamponamento;Rettilineo;Una carreggiata a senso unico di marcia;Asciutto;Asfaltata;Verticale ed orizzontale;Sereno;Intenso;Buona;Ore Diurne;0;0;0;3;12,42408;41,93682;-1;2;Autovettura privata;In marcia / fermata / arresto;Conducente;M;Illeso;0;;Non accertato;Inesploso
3787471;19;20/04/2018 08:30;Strada Urbana;VIA DELL'ACQUEDOTTO DEL PESCHIERA;in prossimità;;del civico n.;190;;Tamponamento;Rettilineo;Una carreggiata a senso unico di marcia;Asciutto;Asfaltata;Verticale ed orizzontale;Sereno;Intenso;Buona;Ore Diurne;0;0;0;3;12,42408;41,93682;-1;2;Autovettura privata;In marcia / fermata / arresto;Passeggero;F;Illeso;0;;Non accertato;Inesploso
3787517;9;20/04/2018 10:40;Strada Urbana;VIA CARLO DENINA;in corrispondenza;;del civico n.;47;;Veicolo in marcia contro veicolo in sosta;Rettilineo;Una carreggiata a senso unico di marcia;Asciutto;Asfaltata;Verticale ed orizzontale;Sereno;Scarso;Buona;Ore Diurne;1;0;0;1;12,52483;41,87101;-1;;;;Pedone;M;Rimandato;0;NON DECEDUTO;;
3787517;9;20/04/2018 10:40;Strada Urbana;VIA CARLO DENINA;in corrispondenza;;del civico n.;47;;Veicolo in marcia contro veicolo in sosta;Rettilineo;Una carreggiata a senso unico di marcia;Asciutto;Asfaltata;Verticale ed orizzontale;Sereno;Scarso;Buona;Ore Diurne;1;0;0;1;12,52483;41,87101;-1;1;Autovettura privata;In marcia / fermata / arresto;Conducente;M;Illeso;0;;Non accertato;Inesploso
3787537;18;20/04/2018 10:20;Strada Urbana;PIAZZA DI VILLA CARPEGNA;da specificare;;;;altezza via di Torrerossa;Scontro laterale fra veicoli in marcia;Curva a visuale libera;Una carreggiata a senso unico di marcia;Asciutto;Asfaltata;Verticale ed orizzontale;Sereno;Normale;Buona;Ore Diurne;0;0;0;2;12,42936;41,89493;-1;1;Autovettura privata;In marcia / fermata / arresto;Conducente;M;Illeso;0;;Non accertato;Inesploso
3787537;18;20/04/2018 10:20;Strada Urbana;PIAZZA DI VILLA CARPEGNA;da specificare;;;;altezza via di Torrerossa;Scontro laterale fra veicoli in marcia;Curva a visuale libera;Una carreggiata a senso unico di marcia;Asciutto;Asfaltata;Verticale ed orizzontale;Sereno;Normale;Buona;Ore Diurne;0;0;0;2;12,42936;41,89493;-1;2;Autoarticolato;In marcia / fermata / arresto;Conducente;M;Illeso;0;;Non accertato;Inesploso
3787541;2;19/04/2018 09:10;Strada Urbana;VIA PINCIANA;da specificare;;;;pross. p.le Brasile;Scontro laterale fra veicoli in marcia;Rettilineo;Una carreggiata a senso unico di marcia;Asciutto;Asfaltata;Verticale ed orizzontale;Sereno;Normale;Buona;Ore Diurne;0;0;0;2;12,49234;41,91222;-1;1;Autovettura privata;In marcia / fermata / arresto;Conducente;F;Illeso;0;;Non accertato;Inesploso
3787541;2;19/04/2018 09:10;Strada Urbana;VIA PINCIANA;da specificare;;;;pross. p.le Brasile;Scontro laterale fra veicoli in marcia;Rettilineo;Una carreggiata a senso unico di marcia;Asciutto;Asfaltata;Verticale ed orizzontale;Sereno;Normale;Buona;Ore Diurne;0;0;0;2;12,49234;41,91222;-1;2;Autovettura privata;In marcia / fermata / arresto;Conducente;M;Illeso;0;;Non accertato;Inesploso
3787542;2;19/04/2018 16:15;Strada Urbana;VIA DI VILLA GIULIA;in prossimità;;del civico n.;35;;Veicolo in marcia contro ostacolo accidentale;Rettilineo;Una carreggiata a senso unico di marcia;Asciutto;Asfaltata;Verticale;Sereno;Scarso;Buona;Ore Diurne;0;0;0;1;12,47503;41,91838;-1;1;Autovettura privata;In marcia / fermata / arresto;Conducente;M;Illeso;0;;Non accertato;Inesploso
3787543;2;19/04/2018 19:30;Strada Urbana;VIALE SOMALIA;all'intersezione semaforizzata con;LARGO FORANO;LARGO FORANO;;;Scontro laterale fra veicoli in marcia;Intersezione semaforizzata;Una carreggiata a doppio senso;Asciutto;Asfaltata;Verticale ed orizzontale;Sereno;Normale;Buona;Ore Diurne;0;0;0;1;12,51142;41,93529;-1;1;Autovettura privata;In marcia / fermata / arresto;Conducente;F;Illeso;0;;;
3787545;2;20/04/2018 00:40;Strada Urbana;VIA DI VILLA ADA;all'intersezione con;VIA LARIANA;VIA LARIANA;;;Scontro frontale/laterale DX fra veicoli in marcia;Incrocio;Due carreggiate;Asciutto;Asfaltata;Verticale ed orizzontale;Sereno;Scarso;Buona;Sufficiente;0;0;0;2;12,50519;41,92447;-1;1;Autovettura privata;In marcia / fermata / arresto;Conducente;M;Illeso;0;;Non accertato;Inesploso
3787545;2;20/04/2018 00:40;Strada Urbana;VIA DI VILLA ADA;all'intersezione con;VIA LARIANA;VIA LARIANA;;;Scontro frontale/laterale DX fra veicoli in marcia;Incrocio;Due carreggiate;Asciutto;Asfaltata;Verticale ed orizzontale;Sereno;Scarso;Buona;Sufficiente;0;0;0;2;12,50519;41,92447;-1;2;Autovettura privata;In marcia / fermata / arresto;Conducente;M;Illeso;0;;Non accertato;Inesploso
3787547;2;20/04/2018 01:45;Strada Urbana;VIA TAGLIAMENTO;all'intersezione con;VIA ARNO;VIA ARNO;;;Scontro frontale/laterale SX fra veicoli in marcia;Incrocio;Una carreggiata a doppio senso;Asciutto;Asfaltata;Verticale ed orizzontale;Sereno;Scarso;Buona;Sufficiente;1;0;0;1;12,50091;41,91865;-1;1;Autovettura privata;In marcia / fermata / arresto;Conducente;M;Illeso;0;;;
3787547;2;20/04/2018 01:45;Strada Urbana;VIA TAGLIAMENTO;all'intersezione con;VIA ARNO;VIA ARNO;;;Scontro frontale/laterale SX fra veicoli in marcia;Incrocio;Una carreggiata a doppio senso;Asciutto;Asfaltata;Verticale ed orizzontale;Sereno;Scarso;Buona;Sufficiente;1;0;0;1;12,50091;41,91865;-1;2;Motociclo a solo;In marcia / fermata / arresto;Conducente;M;Ricoverato;0;NON DECEDUTO;;
3787555;11;20/04/2018 02:50;Strada Urbana;VIA OSTIENSE;in corrispondenza;;del civico n.;68;;Veicolo in marcia contro veicoli in sosta;Rettilineo;Più di due carreggiate;Asciutto;Asfaltata;Verticale ed orizzontale;Sereno;Normale;Sufficiente;Sufficiente;0;0;0;1;12,47964;41,87072;-1;1;Autovettura privata;In marcia / fermata / arresto;Conducente;F;Illeso;0;;Non accertato;
3787568;18;19/04/2018 22:30;Strada Urbana;VIA GIULIO CLOVIO;in corrispondenza;;del civico n.;44;;Veicolo in marcia contro veicolo in sosta;Rettilineo;Una carreggiata a senso unico di marcia;Asciutto;Asfaltata;Assente;Sereno;Scarso;Sufficiente;Sufficiente;0;0;0;1;12,37156;41,91844;-1;1;Autovettura privata;In marcia / fermata / arresto;Conducente;M;Illeso;0;;;
3787624;18;20/04/2018 09:00;Strada Urbana;VIA DI PORTA CAVALLEGGERI;all'intersezione con;VIA DELLA STAZIONE DI S. PIETRO;VIA DELLA STAZIONE DI S. PIETRO;;;Tamponamento;Intersezione stradale segnalata;Una carreggiata a doppio senso;Asciutto;Asfaltata;Verticale ed orizzontale;Sereno;Normale;Sufficiente;Ore Diurne;0;0;0;4;12,4566;41,9002;-1;1;Autovettura privata;In marcia / fermata / arresto;Conducente;F;Illeso;0;;;
3787624;18;20/04/2018 09:00;Strada Urbana;VIA DI PORTA CAVALLEGGERI;all'intersezione con;VIA DELLA STAZIONE DI S. PIETRO;VIA DELLA STAZIONE DI S. PIETRO;;;Tamponamento;Intersezione stradale segnalata;Una carreggiata a doppio senso;Asciutto;Asfaltata;Verticale ed orizzontale;Sereno;Normale;Sufficiente;Ore Diurne;0;0;0;4;12,4566;41,9002;-1;1;Autovettura privata;In marcia / fermata / arresto;Passeggero;M;Illeso;0;;;
3787624;18;20/04/2018 09:00;Strada Urbana;VIA DI PORTA CAVALLEGGERI;all'intersezione con;VIA DELLA STAZIONE DI S. PIETRO;VIA DELLA STAZIONE DI S. PIETRO;;;Tamponamento;Intersezione stradale segnalata;Una carreggiata a doppio senso;Asciutto;Asfaltata;Verticale ed orizzontale;Sereno;Normale;Sufficiente;Ore Diurne;0;0;0;4;12,4566;41,9002;-1;2;Autovettura privata;In marcia / fermata / arresto;Conducente;F;Illeso;0;;;
3787624;18;20/04/2018 09:00;Strada Urbana;VIA DI PORTA CAVALLEGGERI;all'intersezione con;VIA DELLA STAZIONE DI S. PIETRO;VIA DELLA STAZIONE DI S. PIETRO;;;Tamponamento;Intersezione stradale segnalata;Una carreggiata a doppio senso;Asciutto;Asfaltata;Verticale ed orizzontale;Sereno;Normale;Sufficiente;Ore Diurne;0;0;0;4;12,4566;41,9002;-1;2;Autovettura privata;In marcia / fermata / arresto;Passeggero;F;Illeso;0;;;
3787629;17;19/04/2018 21:30;Strada Urbana;CIRCONVALLAZIONE TRIONFALE;da specificare;;;;fronte civico 27;Veicolo in marcia contro ostacolo accidentale;Rettilineo;Due carreggiate;Asciutto;Asfaltata;Verticale ed orizzontale;Sereno;Normale;Buona;Sufficiente;1;0;0;0;12,44953;41,91155;-1;1;Autovettura privata;In marcia / fermata / arresto;Conducente;M;Ricoverato;0;NON DECEDUTO;;
3787641;18;20/04/2018 12:45;Strada Urbana;VIA GREGORIO VII;in corrispondenza;;del civico n.;472;;Scontro laterale fra veicoli in marcia;Rettilineo;Più di due carreggiate;Asciutto;Asfaltata;Verticale;Sereno;Normale;Buona;Ore Diurne;0;0;0;2;12,43198;41,89431;-1;1;Autovettura privata;In marcia / fermata / arresto;Conducente;F;Illeso;0;;Non accertato;Inesploso
3787641;18;20/04/2018 12:45;Strada Urbana;VIA GREGORIO VII;in corrispondenza;;del civico n.;472;;Scontro laterale fra veicoli in marcia;Rettilineo;Più di due carreggiate;Asciutto;Asfaltata;Verticale;Sereno;Normale;Buona;Ore Diurne;0;0;0;2;12,43198;41,89431;-1;2;Autoveicolo trasp.promisc.;In marcia / fermata / arresto;Conducente;M;Illeso;0;;Non accertato;Inesploso
3787649;6;20/04/2018 08:40;Strada Urbana;VIA DI ACQUA BULLICANTE;all'intersezione con;VIA GIUSEPPE DALLA VEDOVA;VIA GIUSEPPE DALLA VEDOVA;;;Scontro frontale/laterale DX fra veicoli in marcia;Incrocio;Una carreggiata a doppio senso;Asciutto;Asfaltata;Verticale;Sereno;Normale;Buona;Ore Diurne;0;0;0;2;12,54327;41,88621;-1;1;Autovettura privata;In marcia / fermata / arresto;Conducente;F;Illeso;0;;;
3787649;6;20/04/2018 08:40;Strada Urbana;VIA DI ACQUA BULLICANTE;all'intersezione con;VIA GIUSEPPE DALLA VEDOVA;VIA GIUSEPPE DALLA VEDOVA;;;Scontro frontale/laterale DX fra veicoli in marcia;Incrocio;Una carreggiata a doppio senso;Asciutto;Asfaltata;Verticale;Sereno;Normale;Buona;Ore Diurne;0;0;0;2;12,54327;41,88621;-1;2;Autovettura privata;In marcia / fermata / arresto;Conducente;F;Illeso;0;;;
3787753;20;20/04/2018 12:50;Strada Urbana;VIALE DI TOR DI QUINTO;da specificare;;;;prossimità via P. Lupi;Tamponamento Multiplo;Rettilineo;Una carreggiata a doppio senso;Asciutto;Asfaltata;Verticale ed orizzontale;Sereno;Normale;Buona;Ore Diurne;0;0;0;4;12,47848;41,94471;-1;1;Autovettura privata;In marcia / fermata / arresto;Conducente;M;Illeso;0;;Non accertato;Inesploso
3787753;20;20/04/2018 12:50;Strada Urbana;VIALE DI TOR DI QUINTO;da specificare;;;;prossimità via P. Lupi;Tamponamento Multiplo;Rettilineo;Una carreggiata a doppio senso;Asciutto;Asfaltata;Verticale ed orizzontale;Sereno;Normale;Buona;Ore Diurne;0;0;0;4;12,47848;41,94471;-1;1;Autovettura privata;In marcia / fermata / arresto;Passeggero;M;Illeso;0;;Non accertato;Inesploso
3787753;20;20/04/2018 12:50;Strada Urbana;VIALE DI TOR DI QUINTO;da specificare;;;;prossimità via P. Lupi;Tamponamento Multiplo;Rettilineo;Una carreggiata a doppio senso;Asciutto;Asfaltata;Verticale ed orizzontale;Sereno;Normale;Buona;Ore Diurne;0;0;0;4;12,47848;41,94471;-1;2;Autocarro inferiore 35 q.;In marcia / fermata / arresto;Conducente;M;Illeso;0;;Non accertato;Inesploso
3787753;20;20/04/2018 12:50;Strada Urbana;VIALE DI TOR DI QUINTO;da specificare;;;;prossimità via P. Lupi;Tamponamento Multiplo;Rettilineo;Una carreggiata a doppio senso;Asciutto;Asfaltata;Verticale ed orizzontale;Sereno;Normale;Buona;Ore Diurne;0;0;0;4;12,47848;41,94471;-1;3;Autovettura privata;In marcia / fermata / arresto;Conducente;M;Illeso;0;;Non accertato;Inesploso
3787771;9;20/04/2018 12:05;Strada Urbana;PIAZZA DI VILLA FIORELLI;da specificare;;;;FRONTE CIVICO 14;Scontro laterale fra veicoli in marcia;Rettilineo;Una carreggiata a doppio senso;Asciutto;Asfaltata;Verticale ed orizzontale;Sereno;Normale;Buona;Ore Diurne;1;0;0;1;12,52239;41,88455;-1;1;Autovettura privata;In marcia / fermata / arresto;Conducente;F;Rimandato;0;NON DECEDUTO;Utilizzato;Inesploso
3787771;9;20/04/2018 12:05;Strada Urbana;PIAZZA DI VILLA FIORELLI;da specificare;;;;FRONTE CIVICO 14;Scontro laterale fra veicoli in marcia;Rettilineo;Una carreggiata a doppio senso;Asciutto;Asfaltata;Verticale ed orizzontale;Sereno;Normale;Buona;Ore Diurne;1;0;0;1;12,52239;41,88455;-1;2;Autovettura privata;In marcia / fermata / arresto;Conducente;F;Illeso;0;;Utilizzato;Inesploso
3787851;17;19/04/2018 13:30;Strada Urbana;LUNGOTEVERE GUGLIELMO OBERDAN;in prossimità;;del civico n.;2;;Scontro frontale/laterale SX fra veicoli in marcia;Rettilineo;Una carreggiata a doppio senso;Asciutto;Asfaltata;Verticale ed orizzontale;Sereno;Normale;Buona;Ore Diurne;1;0;0;1;12,46776;41,92105;-1;1;Autovettura privata;In marcia / fermata / arresto;Conducente;M;Illeso;0;;;
3787851;17;19/04/2018 13:30;Strada Urbana;LUNGOTEVERE GUGLIELMO OBERDAN;in prossimità;;del civico n.;2;;Scontro frontale/laterale SX fra veicoli in marcia;Rettilineo;Una carreggiata a doppio senso;Asciutto;Asfaltata;Verticale ed orizzontale;Sereno;Normale;Buona;Ore Diurne;1;0;0;1;12,46776;41,92105;-1;2;Motociclo a solo;In marcia / fermata / arresto;Conducente;F;Rimandato;0;NON DECEDUTO;;
3787900;17;19/04/2018 09:35;;LUNGOTEVERE IN SASSIA;da specificare;;;;sottopasso direzione via Gregorio VII;Ribaltamento senza urto contro ostacolo fisso;;;;;;;;;;0;0;0;2;12,46309;41,90094;0;1;Motociclo con passeggero;In marcia / fermata / arresto;Conducente;M;Illeso;0;;;
3787900;17;19/04/2018 09:35;;LUNGOTEVERE IN SASSIA;da specificare;;;;sottopasso direzione via Gregorio VII;Ribaltamento senza urto contro ostacolo fisso;;;;;;;;;;0;0;0;2;12,46309;41,90094;0;1;Motociclo con passeggero;In marcia / fermata / arresto;Passeggero;M;Illeso;0;;;
3787928;3;19/04/2018 11:45;Strada Urbana;VIA NOMENTANA;da specificare;;;;altezza VIA DEI VILLINI;Tamponamento;Rettilineo;Una carreggiata a doppio senso;Asciutto;Asfaltata;Verticale ed orizzontale;Sereno;Normale;Buona;Ore Diurne;0;0;0;3;12,50445;41,91032;-1;1;Autovettura privata;In marcia / fermata / arresto;Conducente;F;Illeso;0;;Non accertato;Inesploso
3787928;3;19/04/2018 11:45;Strada Urbana;VIA NOMENTANA;da specificare;;;;altezza VIA DEI VILLINI;Tamponamento;Rettilineo;Una carreggiata a doppio senso;Asciutto;Asfaltata;Verticale ed orizzontale;Sereno;Normale;Buona;Ore Diurne;0;0;0;3;12,50445;41,91032;-1;1;Autovettura privata;In marcia / fermata / arresto;Passeggero;M;Illeso;0;;Non accertato;Inesploso
3787928;3;19/04/2018 11:45;Strada Urbana;VIA NOMENTANA;da specificare;;;;altezza VIA DEI VILLINI;Tamponamento;Rettilineo;Una carreggiata a doppio senso;Asciutto;Asfaltata;Verticale ed orizzontale;Sereno;Normale;Buona;Ore Diurne;0;0;0;3;12,50445;41,91032;-1;2;Motociclo a solo;In marcia / fermata / arresto;Conducente;M;Illeso;0;;Non accertato;
3787934;17;19/04/2018 10:20;Strada Urbana;VIA CIPRO;in corrispondenza;;del civico n.;8 D;;Scontro frontale fra veicoli in marcia;Rettilineo;Due carreggiate;Asciutto;Asfaltata;Verticale ed orizzontale;Sereno;Normale;Buona;Ore Diurne;1;0;0;1;12,44701;41,90772;-1;1;Autocarro inferiore 35 q.;In marcia / fermata / arresto;Conducente;M;Illeso;0;;;
3787934;17;19/04/2018 10:20;Strada Urbana;VIA CIPRO;in corrispondenza;;del civico n.;8 D;;Scontro frontale fra veicoli in marcia;Rettilineo;Due carreggiate;Asciutto;Asfaltata;Verticale ed orizzontale;Sereno;Normale;Buona;Ore Diurne;1;0;0;1;12,44701;41,90772;-1;2;Motociclo a solo;In marcia / fermata / arresto;Conducente;F;Rimandato;0;NON DECEDUTO;;
3787945;20;20/04/2018 14:30;Strada Urbana;VIA DI GROTTAROSSA;in corrispondenza;;del civico n.;1011;;Scontro laterale fra veicoli in marcia;Rettilineo;Una carreggiata a doppio senso;Asciutto;Asfaltata;Verticale ed orizzontale;Sereno;Normale;Buona;Ore Diurne;0;0;0;4;12,46877;41,98119;-1;1;Autovettura privata;In marcia / fermata / arresto;Conducente;M;Illeso;0;;Non accertato;Inesploso
3787945;20;20/04/2018 14:30;Strada Urbana;VIA DI GROTTAROSSA;in corrispondenza;;del civico n.;1011;;Scontro laterale fra veicoli in marcia;Rettilineo;Una carreggiata a doppio senso;Asciutto;Asfaltata;Verticale ed orizzontale;Sereno;Normale;Buona;Ore Diurne;0;0;0;4;12,46877;41,98119;-1;2;Autovettura privata;In marcia / fermata / arresto;Conducente;M;Illeso;0;;Non accertato;Inesploso
3787945;20;20/04/2018 14:30;Strada Urbana;VIA DI GROTTAROSSA;in corrispondenza;;del civico n.;1011;;Scontro laterale fra veicoli in marcia;Rettilineo;Una carreggiata a doppio senso;Asciutto;Asfaltata;Verticale ed orizzontale;Sereno;Normale;Buona;Ore Diurne;0;0;0;4;12,46877;41,98119;-1;2;Autovettura privata;In marcia / fermata / arresto;Passeggero;F;Illeso;0;;Non accertato;Inesploso
3787945;20;20/04/2018 14:30;Strada Urbana;VIA DI GROTTAROSSA;in corrispondenza;;del civico n.;1011;;Scontro laterale fra veicoli in marcia;Rettilineo;Una carreggiata a doppio senso;Asciutto;Asfaltata;Verticale ed orizzontale;Sereno;Normale;Buona;Ore Diurne;0;0;0;4;12,46877;41,98119;-1;2;Autovettura privata;In marcia / fermata / arresto;Passeggero;M;Illeso;0;;Non accertato;Inesploso
3787959;15;20/04/2018 10:30;Strada Urbana;VIA DELLA PISANA;da specificare;;;;altezza gra;Scontro frontale/laterale DX fra veicoli in marcia;Rettilineo;Una carreggiata a doppio senso;Asciutto;Asfaltata;Verticale ed orizzontale;Sereno;Intenso;Buona;Ore Diurne;2;0;0;0;12,38897;41,85768;-1;1;Autovettura privata;In marcia / fermata / arresto;Conducente;F;Rimandato;0;NON DECEDUTO;Utilizzato;Inesploso
3787959;15;20/04/2018 10:30;Strada Urbana;VIA DELLA PISANA;da specificare;;;;altezza gra;Scontro frontale/laterale DX fra veicoli in marcia;Rettilineo;Una carreggiata a doppio senso;Asciutto;Asfaltata;Verticale ed orizzontale;Sereno;Intenso;Buona;Ore Diurne;2;0;0;0;12,38897;41,85768;-1;2;Autovettura privata;In marcia / fermata / arresto;Conducente;M;Rimandato;0;NON DECEDUTO;;
3787988;8;18/04/2018 12:40;Strada Urbana;VIALE OXFORD;da specificare;;;;civ. 81 altezza entrata parcheggio coperto ;Scontro frontale/laterale DX fra veicoli in marcia;Rettilineo;Una carreggiata a senso unico di marcia;Asciutto;Asfaltata;Verticale ed orizzontale;Sereno;Normale;Buona;Ore Diurne;2;0;0;1;12,62776;41,86039;0;1;Autovettura privata;In marcia / fermata / arresto;Conducente;F;Rimandato;0;NON DECEDUTO;;
3787988;8;18/04/2018 12:40;Strada Urbana;VIALE OXFORD;da specificare;;;;civ. 81 altezza entrata parcheggio coperto ;Scontro frontale/laterale DX fra veicoli in marcia;Rettilineo;Una carreggiata a senso unico di marcia;Asciutto;Asfaltata;Verticale ed orizzontale;Sereno;Normale;Buona;Ore Diurne;2;0;0;1;12,62776;41,86039;0;1;Autovettura privata;In marcia / fermata / arresto;Passeggero;F;Rimandato;0;NON DECEDUTO;;
3787988;8;18/04/2018 12:40;Strada Urbana;VIALE OXFORD;da specificare;;;;civ. 81 altezza entrata parcheggio coperto ;Scontro frontale/laterale DX fra veicoli in marcia;Rettilineo;Una carreggiata a senso unico di marcia;Asciutto;Asfaltata;Verticale ed orizzontale;Sereno;Normale;Buona;Ore Diurne;2;0;0;1;12,62776;41,86039;0;2;Autovettura privata;In marcia / fermata / arresto;Conducente;M;Illeso;0;;;
3788005;10;23/04/2018 07:40;Statale entro l'abitato;VIA APPIA NUOVA;all'intersezione semaforizzata con;VIA DEL CASALE DELLA SERGETTA;VIA DEL CASALE DELLA SERGETTA;;;Tamponamento;Intersezione semaforizzata;Più di due carreggiate;Asciutto;Asfaltata;Verticale ed orizzontale;Sereno;Normale;Buona;Ore Diurne;1;0;0;1;12,56656;41,82074;0;1;Motociclo a solo;In marcia / fermata / arresto;Conducente;M;Rifiuta cure immediate;0;NON DECEDUTO;Non accertato;
3788005;10;23/04/2018 07:40;Statale entro l'abitato;VIA APPIA NUOVA;all'intersezione semaforizzata con;VIA DEL CASALE DELLA SERGETTA;VIA DEL CASALE DELLA SERGETTA;;;Tamponamento;Intersezione semaforizzata;Più di due carreggiate;Asciutto;Asfaltata;Verticale ed orizzontale;Sereno;Normale;Buona;Ore Diurne;1;0;0;1;12,56656;41,82074;0;2;Autovettura privata;Allontanatosi;Conducente;M;Illeso;0;;Non accertato;Inesploso
3788014;3;19/04/2018 13:30;Strada Urbana;VIA DEI VILLINI;all'intersezione con;VIA MARCELLO MALPIGHI;VIA MARCELLO MALPIGHI;;;Scontro frontale/laterale SX fra veicoli in marcia;Incrocio;Una carreggiata a senso unico di marcia;Asciutto;In cubetti di porfido;Verticale ed orizzontale;Sereno;Scarso;Buona;Ore Diurne;1;0;0;1;12,50651;41,91077;-1;1;Autovettura privata;In marcia / fermata / arresto;Conducente;F;Rimandato;0;NON DECEDUTO;Non accertato;Inesploso