Protocollo;Gruppo;DataOraIncidente;Localizzazione1;STRADA1;Localizzazione2;STRADA2;Strada02;Chilometrica;DaSpecificare;NaturaIncidente;particolaritastrade;TipoStrada;FondoStradale;Pavimentazione;Segnaletica;CondizioneAtmosferica;Traffico;Visibilita;Illuminazione;NUM_FERITI;NUM_RISERVATA;NUM_MORTI;NUM_ILLESI;Longitudine;Latitudine;Confermato;Progressivo;TipoVeicolo;StatoVeicolo;TipoPersona;Sesso;Tipolesione;Deceduto;DecedutoDopo;CinturaCascoUtilizzato;Airbag
3789649;15;21/04/2018 13:40;Strada Urbana;VIALE GUGLIELMO MARCONI;in corrispondenza;;del civico n.;195;;Veicolo in marcia contro veicolo fermo;Rettilineo;Due carreggiate;Asciutto;Asfaltata;Verticale ed orizzontale;Sereno;Scarso;Buona;Ore Diurne;0;0;0;3;12,46928;41,8652;-1;2;Autovettura privata;In marcia / fermata / arresto;Passeggero;F;Illeso;0;;Utilizzato;Inesploso
3789788;12;21/04/2018 10:50;Regionale entro l'abitato;VIA PONTINA;da specificare;;;;dir. Pomezia km 12.200;Tamponamento;Rettilineo;Due carreggiate;Asciutto;Asfaltata;Verticale ed orizzontale;Sereno;Intenso;Buona;Ore Diurne;1;0;0;4;12,4546;41,80397;-1;1;Autovettura privata;In marcia / fermata / arresto;Conducente;F;Illeso;0;;Non accertato;
3789788;12;21/04/2018 10:50;Regionale entro l'abitato;VIA PONTINA;da specificare;;;;dir. Pomezia km 12.200;Tamponamento;Rettilineo;Due carreggiate;Asciutto;Asfaltata;Verticale ed orizzontale;Sereno;Intenso;Buona;Ore Diurne;1;0;0;4;12,4546;41,80397;-1;1;Autovettura privata;In marcia / fermata / arresto;Passeggero;M;Illeso;0;;Non accertato;Inesploso
3789788;12;21/04/2018 10:50;Regionale entro l'abitato;VIA PONTINA;da specificare;;;;dir. Pomezia km 12.200;Tamponamento;Rettilineo;Due carreggiate;Asciutto;Asfaltata;Verticale ed orizzontale;Sereno;Intenso;Buona;Ore Diurne;1;0;0;4;12,4546;41,80397;-1;1;Autovettura privata;In marcia / fermata / arresto;Passeggero;F;Illeso;0;;Non accertato;Inesploso
3789788;12;21/04/2018 10:50;Regionale entro l'abitato;VIA PONTINA;da specificare;;;;dir. Pomezia km 12.200;Tamponamento;Rettilineo;Due carreggiate;Asciutto;Asfaltata;Verticale ed orizzontale;Sereno;Intenso;Buona;Ore Diurne;1;0;0;4;12,4546;41,80397;-1;1;Autovettura privata;In marcia / fermata / arresto;Passeggero;M;Illeso;0;;Non accertato;Inesploso
3789788;12;21/04/2018 10:50;Regionale entro l'abitato;VIA PONTINA;da specificare;;;;dir. Pomezia km 12.200;Tamponamento;Rettilineo;Due carreggiate;Asciutto;Asfaltata;Verticale ed orizzontale;Sereno;Intenso;Buona;Ore Diurne;1;0;0;4;12,4546;41,80397;-1;2;Autovettura privata;In marcia / fermata / arresto;Conducente;M;Rimandato;0;NON DECEDUTO;Non accertato;Esploso
3789796;12;21/04/2018 05:00;Strada Urbana;VIA SALVATORE QUASIMODO;in prossimità;;del civico n.;20;;Veicolo in marcia contro veicolo fermo;Rettilineo;Una carreggiata a doppio senso;Asciutto;Asfaltata;Verticale ed orizzontale;Sereno;Scarso;Buona;Sufficiente;0;0;0;2;12,46652;41,8183;-1;1;Autovettura privata;In marcia / fermata / arresto;Conducente;M;Illeso;0;;;
3789796;12;21/04/2018 05:00;Strada Urbana;VIA SALVATORE QUASIMODO;in prossimità;;del civico n.;20;;Veicolo in marcia contro veicolo fermo;Rettilineo;Una carreggiata a doppio senso;Asciutto;Asfaltata;Verticale ed orizzontale;Sereno;Scarso;Buona;Sufficiente;0;0;0;2;12,46652;41,8183;-1;2;Autovettura privata;In marcia / fermata / arresto;Conducente;F;Illeso;0;;Utilizzato;Inesploso
3790078;20;21/04/2018 11:00;Strada Urbana;VIA CASSIA;in prossimità;;del civico n.;1415;;Tamponamento Multiplo;Curva a visuale libera;Una carreggiata a senso unico di marcia;Asciutto;Asfaltata;Verticale ed orizzontale;Sereno;Intenso;Buona;Ore Diurne;0;0;0;3;12,39748;41,9909;-1;1;Autovettura privata;In marcia / fermata / arresto;Conducente;M;Illeso;0;;Non accertato;Inesploso
3790078;20;21/04/2018 11:00;Strada Urbana;VIA CASSIA;in prossimità;;del civico n.;1415;;Tamponamento Multiplo;Curva a visuale libera;Una carreggiata a senso unico di marcia;Asciutto;Asfaltata;Verticale ed orizzontale;Sereno;Intenso;Buona;Ore Diurne;0;0;0;3;12,39748;41,9909;-1;2;Autovettura privata;In marcia / fermata / arresto;Conducente;F;Illeso;0;;Non accertato;Inesploso
3790078;20;21/04/2018 11:00;Strada Urbana;VIA CASSIA;in prossimità;;del civico n.;1415;;Tamponamento Multiplo;Curva a visuale libera;Una carreggiata a senso unico di marcia;Asciutto;Asfaltata;Verticale ed orizzontale;Sereno;Intenso;Buona;Ore Diurne;0;0;0;3;12,39748;41,9909;-1;3;Autovettura privata;In marcia / fermata / arresto;Conducente;M;Illeso;0;;Non accertato;Inesploso
3790090;13;20/04/2018 08:05;Strada Urbana;VIA DELLA SALVIA;all'intersezione con;VIA DEI MONTI DI S. PAOLO;VIA DEI MONTI DI S. PAOLO;;;Investimento di pedone;Incrocio;Una carreggiata a senso unico di marcia;Asciutto;Asfaltata;Verticale;Sereno;Normale;Buona;Ore Diurne;1;0;0;1;12,36492;41,7865;-1;;;;Pedone;M;Rimandato;0;NON DECEDUTO;;
3790090;13;20/04/2018 08:05;Strada Urbana;VIA DELLA SALVIA;all'intersezione con;VIA DEI MONTI DI S. PAOLO;VIA DEI MONTI DI S. PAOLO;;;Investimento di pedone;Incrocio;Una carreggiata a senso unico di marcia;Asciutto;Asfaltata;Verticale;Sereno;Normale;Buona;Ore Diurne;1;0;0;1;12,36492;41,7865;-1;1;Autovettura privata;In marcia / fermata / arresto;Conducente;F;Illeso;0;;Non accertato;Inesploso
3790098;20;21/04/2018 11:00;Regionale;VIA FLAMINIA;in corrispondenza;;della chilometrica;15.8;;Scontro laterale fra veicoli in marcia;Rettilineo;Due carreggiate;Asciutto;Asfaltata;Verticale ed orizzontale;Sereno;Normale;Buona;Ore Diurne;0;0;0;2;12,48522;42,0264;-1;1;Autovettura privata;In marcia / fermata / arresto;Conducente;M;Illeso;0;;Non accertato;Inesploso
3790098;20;21/04/2018 11:00;Regionale;VIA FLAMINIA;in corrispondenza;;della chilometrica;15.8;;Scontro laterale fra veicoli in marcia;Rettilineo;Due carreggiate;Asciutto;Asfaltata;Verticale ed orizzontale;Sereno;Normale;Buona;Ore Diurne;0;0;0;2;12,48522;42,0264;-1;2;Autovettura privata;In marcia / fermata / arresto;Conducente;M;Illeso;0;;Non accertato;Inesploso
3790109;20;21/04/2018 13:40;Statale;VIA CASSIA;da specificare;;;;altezza rampa G.R.A. anello interno;Scontro frontale/laterale SX fra veicoli in marcia;Rettilineo;Una carreggiata a doppio senso;Asciutto;Asfaltata;Verticale ed orizzontale;Sereno;Normale;Buona;Ore Diurne;0;0;0;8;12,42456;41,97577;-1;1;Autovettura privata;In marcia / fermata / arresto;Conducente;M;Illeso;0;;Non accertato;Inesploso
3790109;20;21/04/2018 13:40;Statale;VIA CASSIA;da specificare;;;;altezza rampa G.R.A. anello interno;Scontro frontale/laterale SX fra veicoli in marcia;Rettilineo;Una carreggiata a doppio senso;Asciutto;Asfaltata;Verticale ed orizzontale;Sereno;Normale;Buona;Ore Diurne;0;0;0;8;12,42456;41,97577;-1;1;Autovettura privata;In marcia / fermata / arresto;Passeggero;F;Illeso;0;;Non accertato;Inesploso
3790109;20;21/04/2018 13:40;Statale;VIA CASSIA;da specificare;;;;altezza rampa G.R.A. anello interno;Scontro frontale/laterale SX fra veicoli in marcia;Rettilineo;Una carreggiata a doppio senso;Asciutto;Asfaltata;Verticale ed orizzontale;Sereno;Normale;Buona;Ore Diurne;0;0;0;8;12,42456;41,97577;-1;2;Autovettura privata;In marcia / fermata / arresto;Conducente;M;Illeso;0;;Non accertato;Inesploso
3790109;20;21/04/2018 13:40;Statale;VIA CASSIA;da specificare;;;;altezza rampa G.R.A. anello interno;Scontro frontale/laterale SX fra veicoli in marcia;Rettilineo;Una carreggiata a doppio senso;Asciutto;Asfaltata;Verticale ed orizzontale;Sereno;Normale;Buona;Ore Diurne;0;0;0;8;12,42456;41,97577;-1;2;Autovettura privata;In marcia / fermata / arresto;Passeggero;F;Illeso;0;;Non accertato;Inesploso
3790109;20;21/04/2018 13:40;Statale;VIA CASSIA;da specificare;;;;altezza rampa G.R.A. anello interno;Scontro frontale/laterale SX fra veicoli in marcia;Rettilineo;Una carreggiata a doppio senso;Asciutto;Asfaltata;Verticale ed orizzontale;Sereno;Normale;Buona;Ore Diurne;0;0;0;8;12,42456;41,97577;-1;2;Autovettura privata;In marcia / fermata / arresto;Passeggero;M;Illeso;0;;Non accertato;Inesploso
3790109;20;21/04/2018 13:40;Statale;VIA CASSIA;da specificare;;;;altezza rampa G.R.A. anello interno;Scontro frontale/laterale SX fra veicoli in marcia;Rettilineo;Una carreggiata a doppio senso;Asciutto;Asfaltata;Verticale ed orizzontale;Sereno;Normale;Buona;Ore Diurne;0;0;0;8;12,42456;41,97577;-1;2;Autovettura privata;In marcia / fermata / arresto;Passeggero;M;Illeso;0;;Non accertato;Inesploso
3790109;20;21/04/2018 13:40;Statale;VIA CASSIA;da specificare;;;;altezza rampa G.R.A. anello interno;Scontro frontale/laterale SX fra veicoli in marcia;Rettilineo;Una carreggiata a doppio senso;Asciutto;Asfaltata;Verticale ed orizzontale;Sereno;Normale;Buona;Ore Diurne;0;0;0;8;12,42456;41,97577;-1;3;Autovettura privata;In marcia / fermata / arresto;Conducente;M;Illeso;0;;Non accertato;Inesploso
3790109;20;21/04/2018 13:40;Statale;VIA CASSIA;da specificare;;;;altezza rampa G.R.A. anello interno;Scontro frontale/laterale SX fra veicoli in marcia;Rettilineo;Una carreggiata a doppio senso;Asciutto;Asfaltata;Verticale ed orizzontale;Sereno;Normale;Buona;Ore Diurne;0;0;0;8;12,42456;41,97577;-1;3;Autovettura privata;In marcia / fermata / arresto;Passeggero;F;Illeso;0;;Non accertato;Inesploso
3790114;18;21/04/2018 05:45;Strada Urbana;VIA DI BOCCEA;in prossimità;;del civico n.;271;;Scontro laterale fra veicoli in marcia;Rettilineo;Una carreggiata a doppio senso;Asciutto;Asfaltata;Verticale ed orizzontale;Sereno;Scarso;Buona;Ore Diurne;1;0;0;2;12,41585;41,90324;-1;1;Autovettura privata;In marcia / fermata / arresto;Conducente;F;Illeso;0;;;
3790114;18;21/04/2018 05:45;Strada Urbana;VIA DI BOCCEA;in prossimità;;del civico n.;271;;Scontro laterale fra veicoli in marcia;Rettilineo;Una carreggiata a doppio senso;Asciutto;Asfaltata;Verticale ed orizzontale;Sereno;Scarso;Buona;Ore Diurne;1;0;0;2;12,41585;41,90324;-1;2;Autovettura privata;In marcia / fermata / arresto;Conducente;F;Rimandato;0;NON DECEDUTO;;
3790114;18;21/04/2018 05:45;Strada Urbana;VIA DI BOCCEA;in prossimità;;del civico n.;271;;Scontro laterale fra veicoli in marcia;Rettilineo;Una carreggiata a doppio senso;Asciutto;Asfaltata;Verticale ed orizzontale;Sereno;Scarso;Buona;Ore Diurne;1;0;0;2;12,41585;41,90324;-1;2;Autovettura privata;In marcia / fermata / arresto;Passeggero;M;Illeso;0;;;
3790117;9;21/04/2018 03:05;Strada Urbana;VIA LANUVIO;all'intersezione con;VIA DELL'ARCO DI TRAVERTINO;VIA DELL'ARCO DI TRAVERTINO;;;Scontro frontale/laterale DX fra veicoli in marcia;Incrocio;Una carreggiata a senso unico di marcia;Asciutto;Asfaltata;Verticale ed orizzontale;Sereno;Scarso;Sufficiente;Sufficiente;0;0;0;4;12,5335;41,86431;-1;1;Autovettura privata;In marcia / fermata / arresto;Conducente;M;Illeso;0;;;
3790117;9;21/04/2018 03:05;Strada Urbana;VIA LANUVIO;all'intersezione con;VIA DELL'ARCO DI TRAVERTINO;VIA DELL'ARCO DI TRAVERTINO;;;Scontro frontale/laterale DX fra veicoli in marcia;Incrocio;Una carreggiata a senso unico di marcia;Asciutto;Asfaltata;Verticale ed orizzontale;Sereno;Scarso;Sufficiente;Sufficiente;0;0;0;4;12,5335;41,86431;-1;1;Autovettura privata;In marcia / fermata / arresto;Passeggero;M;Illeso;0;;;
3790117;9;21/04/2018 03:05;Strada Urbana;VIA LANUVIO;all'intersezione con;VIA DELL'ARCO DI TRAVERTINO;VIA DELL'ARCO DI TRAVERTINO;;;Scontro frontale/laterale DX fra veicoli in marcia;Incrocio;Una carreggiata a senso unico di marcia;Asciutto;Asfaltata;Verticale ed orizzontale;Sereno;Scarso;Sufficiente;Sufficiente;0;0;0;4;12,5335;41,86431;-1;2;Autovettura privata;In marcia / fermata / arresto;Conducente;M;Illeso;0;;;
3790117;9;21/04/2018 03:05;Strada Urbana;VIA LANUVIO;all'intersezione con;VIA DELL'ARCO DI TRAVERTINO;VIA DELL'ARCO DI TRAVERTINO;;;Scontro frontale/laterale DX fra veicoli in marcia;Incrocio;Una carreggiata a senso unico di marcia;Asciutto;Asfaltata;Verticale ed orizzontale;Sereno;Scarso;Sufficiente;Sufficiente;0;0;0;4;12,5335;41,86431;-1;2;Autovettura privata;In marcia / fermata / arresto;Passeggero;M;Illeso;0;;;
3790123;13;20/04/2018 09:40;Provinciale entro l'abitato;VIA GUIDO CALZA;da specificare;;;;ALT.SCAVI 2° CURVA;Veicolo in marcia contro ostacolo fisso;Curva senza visuale libera;Una carreggiata a senso unico di marcia;Asciutto;Asfaltata;Verticale ed orizzontale;Sereno;Normale;Sufficiente;Ore Diurne;1;0;0;0;12,49401;41,92442;0;1;Autovettura privata;In marcia / fermata / arresto;Conducente;F;Rimandato;0;NON DECEDUTO;;
3790133;20;21/04/2018 13:50;Strada Urbana;VIA DELLA STAZIONE DI CESANO;da specificare;;;;fermata bus 80788;Veicolo in marcia contro ostacolo accidentale;Rettilineo;Una carreggiata a doppio senso;Asciutto;Asfaltata;Orizzontale;Sereno;Normale;Buona;Ore Diurne;0;0;0;1;12,32694;42,06226;-1;1;Autobus di linea;In marcia / fermata / arresto;Conducente;M;Illeso;0;;Non accertato;Inesploso
3790139;20;21/04/2018 16:45;Regionale entro l'abitato;VIA FLAMINIA;in prossimità;;del civico n.;1857;;Tamponamento;Curva a visuale libera;Una carreggiata a doppio senso;Asciutto;Asfaltata;Verticale ed orizzontale;Sereno;Intenso;Buona;Ore Diurne;0;0;0;3;12,48602;42,04195;-1;1;Autovettura privata;In marcia / fermata / arresto;Conducente;M;Illeso;0;;Non accertato;Inesploso
3790139;20;21/04/2018 16:45;Regionale entro l'abitato;VIA FLAMINIA;in prossimità;;del civico n.;1857;;Tamponamento;Curva a visuale libera;Una carreggiata a doppio senso;Asciutto;Asfaltata;Verticale ed orizzontale;Sereno;Intenso;Buona;Ore Diurne;0;0;0;3;12,48602;42,04195;-1;2;Autovettura privata;In marcia / fermata / arresto;Conducente;M;Illeso;0;;Non accertato;Esploso
3790139;20;21/04/2018 16:45;Regionale entro l'abitato;VIA FLAMINIA;in prossimità;;del civico n.;1857;;Tamponamento;Curva a visuale libera;Una carreggiata a doppio senso;Asciutto;Asfaltata;Verticale ed orizzontale;Sereno;Intenso;Buona;Ore Diurne;0;0;0;3;12,48602;42,04195;-1;2;Autovettura privata;In marcia / fermata / arresto;Passeggero;M;Illeso;0;;Non accertato;Esploso
3790161;13;20/04/2018 15:45;;VIA DEL POGGIO DI ACILIA;da specificare;;;;pross. via dell'albaretp;Veicolo in marcia contro ostacolo accidentale;;;;;;;;;;0;0;0;1;12,36261;41,78841;0;1;Autobus di linea;In marcia / fermata / arresto;Conducente;M;Illeso;0;;;
3790163;18;22/04/2018 00:30;Strada Urbana;VIA DI BOCCEA;da specificare;;;;altezza via Soriso;Scontro laterale fra veicoli in marcia;Curva a visuale libera;Due carreggiate;Asciutto;Asfaltata;Verticale ed orizzontale;Sereno;Scarso;Buona;Sufficiente;0;0;0;3;12,38466;41,91495;-1;1;Autovettura privata;In marcia / fermata / arresto;Conducente;M;Illeso;0;;;
3790163;18;22/04/2018 00:30;Strada Urbana;VIA DI BOCCEA;da specificare;;;;altezza via Soriso;Scontro laterale fra veicoli in marcia;Curva a visuale libera;Due carreggiate;Asciutto;Asfaltata;Verticale ed orizzontale;Sereno;Scarso;Buona;Sufficiente;0;0;0;3;12,38466;41,91495;-1;1;Autovettura privata;In marcia / fermata / arresto;Passeggero;F;Illeso;0;;;
3790163;18;22/04/2018 00:30;Strada Urbana;VIA DI BOCCEA;da specificare;;;;altezza via Soriso;Scontro laterale fra veicoli in marcia;Curva a visuale libera;Due carreggiate;Asciutto;Asfaltata;Verticale ed orizzontale;Sereno;Scarso;Buona;Sufficiente;0;0;0;3;12,38466;41,91495;-1;2;Autovettura privata;In marcia / fermata / arresto;Conducente;M;Illeso;0;;;
3790181;13;20/04/2018 14:15;;VIA FRANCO MEZZADRA;in corrispondenza;;del civico n.;33;;Scontro laterale fra veicoli in marcia;;;;;;;;;;0;0;0;2;12,2699;41,73432;0;1;Autovettura privata;In marcia / fermata / arresto;Conducente;F;Illeso;0;;;
3790181;13;20/04/2018 14:15;;VIA FRANCO MEZZADRA;in corrispondenza;;del civico n.;33;;Scontro laterale fra veicoli in marcia;;;;;;;;;;0;0;0;2;12,2699;41,73432;0;2;Autovettura privata;In marcia / fermata / arresto;Conducente;F;Illeso;0;;;
3790188;18;22/04/2018 03:20;Strada Urbana;VIA DI BOCCEA;all'intersezione con;VIA GREGORIO XI;VIA GREGORIO XI;;;Scontro frontale/laterale SX fra veicoli in marcia;Incrocio;Una carreggiata a doppio senso;Asciutto;Asfaltata;Verticale ed orizzontale;Nuvoloso;Scarso;Buona;Sufficiente;0;0;0;2;12,38466;41,91495;-1;1;Autovettura privata;In marcia / fermata / arresto;Conducente;M;Illeso;0;;;Esploso
3790188;18;22/04/2018 03:20;Strada Urbana;VIA DI BOCCEA;all'intersezione con;VIA GREGORIO XI;VIA GREGORIO XI;;;Scontro frontale/laterale SX fra veicoli in marcia;Incrocio;Una carreggiata a doppio senso;Asciutto;Asfaltata;Verticale ed orizzontale;Nuvoloso;Scarso;Buona;Sufficiente;0;0;0;2;12,38466;41,91495;-1;2;Autovettura privata;In marcia / fermata / arresto;Conducente;M;Illeso;0;;;Esploso
3790208;13;20/04/2018 18:40;;VIA PIETRO ROSA;in prossimità;;del civico n.;44;;Tamponamento;;;;;;;;;;0;0;0;3;12,28544;41,73058;0;1;Autovettura privata;In marcia / fermata / arresto;Conducente;M;Illeso;0;;;
3790208;13;20/04/2018 18:40;;VIA PIETRO ROSA;in prossimità;;del civico n.;44;;Tamponamento;;;;;;;;;;0;0;0;3;12,28544;41,73058;0;1;Autovettura privata;In marcia / fermata / arresto;Passeggero;M;Illeso;0;;;
3790208;13;20/04/2018 18:40;;VIA PIETRO ROSA;in prossimità;;del civico n.;44;;Tamponamento;;;;;;;;;;0;0;0;3;12,28544;41,73058;0;2;Autovettura privata;In marcia / fermata / arresto;Conducente;M;Illeso;0;;;
3790226;18;22/04/2018 05:20;Strada Urbana;VIA DI BOCCEA;all'intersezione con;VIA GREGORIO XI;VIA GREGORIO XI;;;Scontro frontale/laterale DX fra veicoli in marcia;Incrocio;Una carreggiata a doppio senso;Asciutto;Asfaltata;Verticale ed orizzontale;Sereno;Scarso;Buona;Sufficiente;0;0;0;3;12,38466;41,91495;-1;1;Autovettura privata;In marcia / fermata / arresto;Conducente;M;Illeso;0;;;Esploso
3790226;18;22/04/2018 05:20;Strada Urbana;VIA DI BOCCEA;all'intersezione con;VIA GREGORIO XI;VIA GREGORIO XI;;;Scontro frontale/laterale DX fra veicoli in marcia;Incrocio;Una carreggiata a doppio senso;Asciutto;Asfaltata;Verticale ed orizzontale;Sereno;Scarso;Buona;Sufficiente;0;0;0;3;12,38466;41,91495;-1;2;Autovettura privata;In marcia / fermata / arresto;Conducente;M;Illeso;0;;;
3790226;18;22/04/2018 05:20;Strada Urbana;VIA DI BOCCEA;all'intersezione con;VIA GREGORIO XI;VIA GREGORIO XI;;;Scontro frontale/laterale DX fra veicoli in marcia;Incrocio;Una carreggiata a doppio senso;Asciutto;Asfaltata;Verticale ed orizzontale;Sereno;Scarso;Buona;Sufficiente;0;0;0;3;12,38466;41,91495;-1;2;Autovettura privata;In marcia / fermata / arresto;Passeggero;M;Illeso;0;;;
3790274;13;21/04/2018 13:00;Strada Urbana;LUNGOMARE LUTAZIO CATULO;da specificare;;;;"pross. ""La Vecchia Pineta"" direz.P.le Colombo";Tamponamento Multiplo;Rettilineo;Due carreggiate;Asciutto;Asfaltata;Verticale ed orizzontale;Sereno;Normale;Buona;Ore Diurne;1;0;0;5;12,3129;41,71639;-1;1;Autovettura privata;In marcia / fermata / arresto;Conducente;F;Illeso;0;;Non accertato;Inesploso
3790274;13;21/04/2018 13:00;Strada Urbana;LUNGOMARE LUTAZIO CATULO;da specificare;;;;"pross. ""La Vecchia Pineta"" direz.P.le Colombo";Tamponamento Multiplo;Rettilineo;Due carreggiate;Asciutto;Asfaltata;Verticale ed orizzontale;Sereno;Normale;Buona;Ore Diurne;1;0;0;5;12,3129;41,71639;-1;2;Autovettura privata;In marcia / fermata / arresto;Conducente;M;Illeso;0;;Non accertato;Inesploso
3790274;13;21/04/2018 13:00;Strada Urbana;LUNGOMARE LUTAZIO CATULO;da specificare;;;;"pross. ""La Vecchia Pineta"" direz.P.le Colombo";Tamponamento Multiplo;Rettilineo;Due carreggiate;Asciutto;Asfaltata;Verticale ed orizzontale;Sereno;Normale;Buona;Ore Diurne;1;0;0;5;12,3129;41,71639;-1;2;Autovettura privata;In marcia / fermata / arresto;Passeggero;F;Rimandato;0;NON DECEDUTO;;
3790274;13;21/04/2018 13:00;Strada Urbana;LUNGOMARE LUTAZIO CATULO;da specificare;;;;"pross. ""La Vecchia Pineta"" direz.P.le Colombo";Tamponamento Multiplo;Rettilineo;Due carreggiate;Asciutto;Asfaltata;Verticale ed orizzontale;Sereno;Normale;Buona;Ore Diurne;1;0;0;5;12,3129;41,71639;-1;2;Autovettura privata;In marcia / fermata / arresto;Passeggero;F;Illeso;0;;;
3790274;13;21/04/2018 13:00;Strada Urbana;LUNGOMARE LUTAZIO CATULO;da specificare;;;;"pross. ""La Vecchia Pineta"" direz.P.le Colombo";Tamponamento Multiplo;Rettilineo;Due carreggiate;Asciutto;Asfaltata;Verticale ed orizzontale;Sereno;Normale;Buona;Ore Diurne;1;0;0;5;12,3129;41,71639;-1;3;Autovettura privata;In marcia / fermata / arresto;Conducente;M;Illeso;0;;;
3790274;13;21/04/2018 13:00;Strada Urbana;LUNGOMARE LUTAZIO CATULO;da specificare;;;;"pross. ""La Vecchia Pineta"" direz.P.le Colombo";Tamponamento Multiplo;Rettilineo;Due carreggiate;Asciutto;Asfaltata;Verticale ed orizzontale;Sereno;Normale;Buona;Ore Diurne;1;0;0;5;12,3129;41,71639;-1;3;Autovettura privata;In marcia / fermata / arresto;Passeggero;M;Illeso;0;;;
3790294;13;21/04/2018 13:30;Strada Urbana;VIA ESCHILO;in prossimità;;del civico n.;35;;Veicolo in marcia contro veicolo in sosta;Pendenza;Una carreggiata a senso unico di marcia;Asciutto;Asfaltata;Verticale ed orizzontale;Sereno;Normale;Buona;Ore Diurne;0;0;0;1;12,37196;41,7651;-1;1;Autovettura privata;In marcia / fermata / arresto;Conducente;F;Illeso;0;;Non accertato;Inesploso
3790311;13;21/04/2018 16:45;Strada Urbana;VIALE DEI ROMAGNOLI;all'intersezione con;VIA GUIDO CALZA;VIA GUIDO CALZA;;;Scontro laterale fra veicoli in marcia;Incrocio;Due carreggiate;Asciutto;Asfaltata;Verticale ed orizzontale;Sereno;Normale;Buona;Ore Diurne;0;0;0;5;12,32241;41,76913;-1;1;Autovettura privata;In marcia / fermata / arresto;Conducente;M;Illeso;0;;;
3790311;13;21/04/2018 16:45;Strada Urbana;VIALE DEI ROMAGNOLI;all'intersezione con;VIA GUIDO CALZA;VIA GUIDO CALZA;;;Scontro laterale fra veicoli in marcia;Incrocio;Due carreggiate;Asciutto;Asfaltata;Verticale ed orizzontale;Sereno;Normale;Buona;Ore Diurne;0;0;0;5;12,32241;41,76913;-1;1;Autovettura privata;In marcia / fermata / arresto;Passeggero;M;Illeso;0;;;
3790311;13;21/04/2018 16:45;Strada Urbana;VIALE DEI ROMAGNOLI;all'intersezione con;VIA GUIDO CALZA;VIA GUIDO CALZA;;;Scontro laterale fra veicoli in marcia;Incrocio;Due carreggiate;Asciutto;Asfaltata;Verticale ed orizzontale;Sereno;Normale;Buona;Ore Diurne;0;0;0;5;12,32241;41,76913;-1;2;Autoarticolato;In marcia / fermata / arresto;Conducente;M;Illeso;0;;;
3790311;13;21/04/2018 16:45;Strada Urbana;VIALE DEI ROMAGNOLI;all'intersezione con;VIA GUIDO CALZA;VIA GUIDO CALZA;;;Scontro laterale fra veicoli in marcia;Incrocio;Due carreggiate;Asciutto;Asfaltata;Verticale ed orizzontale;Sereno;Normale;Buona;Ore Diurne;0;0;0;5;12,32241;41,76913;-1;2;Autoarticolato;In marcia / fermata / arresto;Passeggero;F;Illeso;0;;;
3790311;13;21/04/2018 16:45;Strada Urbana;VIALE DEI ROMAGNOLI;all'intersezione con;VIA GUIDO CALZA;VIA GUIDO CALZA;;;Scontro laterale fra veicoli in marcia;Incrocio;Due carreggiate;Asciutto;Asfaltata;Verticale ed orizzontale;Sereno;Normale;Buona;Ore Diurne;0;0;0;5;12,32241;41,76913;-1;2;Autoarticolato;In marcia / fermata / arresto;Passeggero;F;Illeso;0;;;
3790313;18;22/04/2018 03:20;Strada Urbana;VIA ANASTASIO II;in prossimità;;del civico n.;161;;Veicolo in marcia contro ostacolo fisso;Curva a visuale libera;Due carreggiate;Asciutto;Asfaltata;Verticale ed orizzontale;Sereno;Scarso;Sufficiente;Sufficiente;0;0;0;1;12,44235;41,8976;-1;1;Autovettura privata;In marcia / fermata / arresto;Conducente;M;Illeso;0;;;
3790339;1;21/04/2018 03:30;Strada Urbana;PIAZZA DEI CINQUECENTO;in prossimità;;del civico n.;23;;Investimento di pedone;Rettilineo;Una carreggiata a senso unico di marcia;Asciutto;Asfaltata;Verticale;Sereno;Scarso;Buona;Sufficiente;1;0;0;1;;;0;;;;Pedone;M;Rimandato;0;NON DECEDUTO;;
3790339;1;21/04/2018 03:30;Strada Urbana;PIAZZA DEI CINQUECENTO;in prossimità;;del civico n.;23;;Investimento di pedone;Rettilineo;Una carreggiata a senso unico di marcia;Asciutto;Asfaltata;Verticale;Sereno;Scarso;Buona;Sufficiente;1;0;0;1;;;0;1;Autovettura pubblica;In marcia / fermata / arresto;Conducente;M;Illeso;0;;Non accertato;
3790354;9;22/04/2018;;VIA AOSTA;all'intersezione con;VIA TUSCOLANA;VIA TUSCOLANA;;;Veicolo in marcia contro ostacolo accidentale;;;;;;;;;;0;0;0;1;12,5144;41,88296;0;1;Autovettura privata;In marcia / fermata / arresto;Conducente;M;Illeso;0;;;
3790369;6;21/04/2018 18:00;Strada Urbana;VIA PIETRO ROVETTI;in prossimità;;del civico n.;75;;Veicolo in marcia contro veicoli in sosta;Rettilineo;Una carreggiata a senso unico di marcia;Asciutto;Asfaltata;Verticale ed orizzontale;Sereno;Scarso;Buona;Ore Diurne;0;0;0;1;12,54451;41,87786;-1;1;Autovettura privata;In marcia / fermata / arresto;Conducente;F;Illeso;0;;Non accertato;Inesploso
3790381;6;22/04/2018 10:50;Strada Urbana;VIA PIETRO ROVETTI;in corrispondenza;;del civico n.;25;;Veicolo in marcia contro veicolo fermo;Rettilineo;Una carreggiata a senso unico di marcia;Asciutto;Asfaltata;Assente;Sereno;Scarso;Buona;Ore Diurne;1;0;0;1;12,54312;41,878;-1;1;Autovettura privata;In marcia / fermata / arresto;Conducente;F;Rifiuta cure immediate;0;NON DECEDUTO;;