Protocollo;Gruppo;DataOraIncidente;Localizzazione1;STRADA1;Localizzazione2;STRADA2;Strada02;Chilometrica;DaSpecificare;NaturaIncidente;particolaritastrade;TipoStrada;FondoStradale;Pavimentazione;Segnaletica;CondizioneAtmosferica;Traffico;Visibilita;Illuminazione;NUM_FERITI;NUM_RISERVATA;NUM_MORTI;NUM_ILLESI;Longitudine;Latitudine;Confermato;Progressivo;TipoVeicolo;StatoVeicolo;TipoPersona;Sesso;Tipolesione;Deceduto;DecedutoDopo;CinturaCascoUtilizzato;Airbag
3791244;4;21/04/2018 19:40;Strada Urbana;VIA LAZZARO SPALLANZANI;in corrispondenza;;del civico n.;9;;Investimento di pedone;Rettilineo;Una carreggiata a doppio senso;Asciutto;Asfaltata;Verticale ed orizzontale;Sereno;Normale;Buona;Sufficiente;1;0;0;1;12,51237;41,91135;0;1;Ciclomotore;In marcia / fermata / arresto;Conducente;F;Rimandato;0;NON DECEDUTO;;
3791246;7;22/04/2018 18:30;Strada Urbana;VIA CASILINA;all'intersezione con;VIALE DELLA BELLA VILLA;VIALE DELLA BELLA VILLA;;;Veicolo in marcia contro veicolo arresto;Incrocio;Una carreggiata a senso unico di marcia;Asciutto;Asfaltata;Verticale ed orizzontale;Sole radente;Normale;Buona;Sufficiente;0;0;0;4;12,57317;41,8732;-1;1;Autovettura privata;In marcia / fermata / arresto;Conducente;M;Illeso;0;;Non accertato;Inesploso
3791246;7;22/04/2018 18:30;Strada Urbana;VIA CASILINA;all'intersezione con;VIALE DELLA BELLA VILLA;VIALE DELLA BELLA VILLA;;;Veicolo in marcia contro veicolo arresto;Incrocio;Una carreggiata a senso unico di marcia;Asciutto;Asfaltata;Verticale ed orizzontale;Sole radente;Normale;Buona;Sufficiente;0;0;0;4;12,57317;41,8732;-1;1;Autovettura privata;In marcia / fermata / arresto;Passeggero;F;Illeso;0;;Non accertato;Inesploso
3791246;7;22/04/2018 18:30;Strada Urbana;VIA CASILINA;all'intersezione con;VIALE DELLA BELLA VILLA;VIALE DELLA BELLA VILLA;;;Veicolo in marcia contro veicolo arresto;Incrocio;Una carreggiata a senso unico di marcia;Asciutto;Asfaltata;Verticale ed orizzontale;Sole radente;Normale;Buona;Sufficiente;0;0;0;4;12,57317;41,8732;-1;2;Autovettura privata;In marcia / fermata / arresto;Conducente;M;Illeso;0;;Non accertato;Inesploso
3791246;7;22/04/2018 18:30;Strada Urbana;VIA CASILINA;all'intersezione con;VIALE DELLA BELLA VILLA;VIALE DELLA BELLA VILLA;;;Veicolo in marcia contro veicolo arresto;Incrocio;Una carreggiata a senso unico di marcia;Asciutto;Asfaltata;Verticale ed orizzontale;Sole radente;Normale;Buona;Sufficiente;0;0;0;4;12,57317;41,8732;-1;2;Autovettura privata;In marcia / fermata / arresto;Passeggero;F;Illeso;0;;Non accertato;Inesploso
3791248;5;22/04/2018 03:45;;VIA DI PIETRALATA;in prossimità;;del civico n.;179b;;Veicolo in marcia contro veicolo in sosta;;;;;;;;;;0;0;0;1;12,54177;41,92605;0;1;Autovettura privata;In marcia / fermata / arresto;Conducente;M;Illeso;0;;;
3791250;19;21/04/2018 01:55;Strada Urbana;VIALE CORTINA D'AMPEZZO;in corrispondenza;;del civico n.;217;;Tamponamento;Rettilineo;Una carreggiata a doppio senso;Asciutto;Asfaltata;Orizzontale;Sereno;Scarso;Sufficiente;Sufficiente;0;0;0;3;12,44175;41,94667;-1;1;Autovettura privata;In marcia / fermata / arresto;Conducente;F;Illeso;0;;;
3791250;19;21/04/2018 01:55;Strada Urbana;VIALE CORTINA D'AMPEZZO;in corrispondenza;;del civico n.;217;;Tamponamento;Rettilineo;Una carreggiata a doppio senso;Asciutto;Asfaltata;Orizzontale;Sereno;Scarso;Sufficiente;Sufficiente;0;0;0;3;12,44175;41,94667;-1;1;Autovettura privata;In marcia / fermata / arresto;Passeggero;F;Illeso;0;;;
3791250;19;21/04/2018 01:55;Strada Urbana;VIALE CORTINA D'AMPEZZO;in corrispondenza;;del civico n.;217;;Tamponamento;Rettilineo;Una carreggiata a doppio senso;Asciutto;Asfaltata;Orizzontale;Sereno;Scarso;Sufficiente;Sufficiente;0;0;0;3;12,44175;41,94667;-1;2;Motociclo a solo;In marcia / fermata / arresto;Conducente;M;Illeso;0;;;
3791251;13;22/04/2018 19:20;Strada Urbana;PIAZZALE CRISTOFORO COLOMBO;da specificare;;;;lato viale C. Colombo;Scontro frontale/laterale SX fra veicoli in marcia;Rettilineo;Una carreggiata a senso unico di marcia;Asciutto;Asfaltata;Orizzontale;Sereno;Normale;Buona;Ore Diurne;0;0;0;4;12,45633;41,81562;-1;1;Autovettura privata;In marcia / fermata / arresto;Conducente;M;Illeso;0;;Non accertato;Inesploso
3791251;13;22/04/2018 19:20;Strada Urbana;PIAZZALE CRISTOFORO COLOMBO;da specificare;;;;lato viale C. Colombo;Scontro frontale/laterale SX fra veicoli in marcia;Rettilineo;Una carreggiata a senso unico di marcia;Asciutto;Asfaltata;Orizzontale;Sereno;Normale;Buona;Ore Diurne;0;0;0;4;12,45633;41,81562;-1;1;Autovettura privata;In marcia / fermata / arresto;Passeggero;F;Illeso;0;;Non accertato;Inesploso
3791251;13;22/04/2018 19:20;Strada Urbana;PIAZZALE CRISTOFORO COLOMBO;da specificare;;;;lato viale C. Colombo;Scontro frontale/laterale SX fra veicoli in marcia;Rettilineo;Una carreggiata a senso unico di marcia;Asciutto;Asfaltata;Orizzontale;Sereno;Normale;Buona;Ore Diurne;0;0;0;4;12,45633;41,81562;-1;2;Autovettura privata;In marcia / fermata / arresto;Conducente;M;Illeso;0;;Non accertato;Inesploso
3791251;13;22/04/2018 19:20;Strada Urbana;PIAZZALE CRISTOFORO COLOMBO;da specificare;;;;lato viale C. Colombo;Scontro frontale/laterale SX fra veicoli in marcia;Rettilineo;Una carreggiata a senso unico di marcia;Asciutto;Asfaltata;Orizzontale;Sereno;Normale;Buona;Ore Diurne;0;0;0;4;12,45633;41,81562;-1;2;Autovettura privata;In marcia / fermata / arresto;Passeggero;F;Illeso;0;;Non accertato;Inesploso
3791265;7;21/04/2018 12:00;Strada Urbana;VIA EMILIO LONGONI;da specificare;;;;prossimità rotatoria via Prenestina bis;Scontro laterale fra veicoli in marcia;Curva a visuale libera;Due carreggiate;Asciutto;Asfaltata;Verticale ed orizzontale;Sereno;Normale;Buona;Ore Diurne;0;0;0;5;12,6041;41,89398;-1;1;Autovettura privata;In marcia / fermata / arresto;Conducente;M;Illeso;0;;Non accertato;Inesploso
3791265;7;21/04/2018 12:00;Strada Urbana;VIA EMILIO LONGONI;da specificare;;;;prossimità rotatoria via Prenestina bis;Scontro laterale fra veicoli in marcia;Curva a visuale libera;Due carreggiate;Asciutto;Asfaltata;Verticale ed orizzontale;Sereno;Normale;Buona;Ore Diurne;0;0;0;5;12,6041;41,89398;-1;1;Autovettura privata;In marcia / fermata / arresto;Passeggero;F;Illeso;0;;Non accertato;Inesploso
3791265;7;21/04/2018 12:00;Strada Urbana;VIA EMILIO LONGONI;da specificare;;;;prossimità rotatoria via Prenestina bis;Scontro laterale fra veicoli in marcia;Curva a visuale libera;Due carreggiate;Asciutto;Asfaltata;Verticale ed orizzontale;Sereno;Normale;Buona;Ore Diurne;0;0;0;5;12,6041;41,89398;-1;1;Autovettura privata;In marcia / fermata / arresto;Passeggero;F;Illeso;0;;Non accertato;Inesploso
3791265;7;21/04/2018 12:00;Strada Urbana;VIA EMILIO LONGONI;da specificare;;;;prossimità rotatoria via Prenestina bis;Scontro laterale fra veicoli in marcia;Curva a visuale libera;Due carreggiate;Asciutto;Asfaltata;Verticale ed orizzontale;Sereno;Normale;Buona;Ore Diurne;0;0;0;5;12,6041;41,89398;-1;1;Autovettura privata;In marcia / fermata / arresto;Passeggero;M;Illeso;0;;Non accertato;Inesploso
3791265;7;21/04/2018 12:00;Strada Urbana;VIA EMILIO LONGONI;da specificare;;;;prossimità rotatoria via Prenestina bis;Scontro laterale fra veicoli in marcia;Curva a visuale libera;Due carreggiate;Asciutto;Asfaltata;Verticale ed orizzontale;Sereno;Normale;Buona;Ore Diurne;0;0;0;5;12,6041;41,89398;-1;2;Autovettura privata;In marcia / fermata / arresto;Conducente;F;Illeso;0;;Non accertato;Inesploso
3791279;19;21/04/2018 23:00;Strada Urbana;GALLERIA GIOVANNI XXIII;da specificare;;;;dir. Pineta Sacchetti;Scontro laterale fra veicoli in marcia;Galleria illuminata;Una carreggiata a senso unico di marcia;Asciutto;Asfaltata;Orizzontale;Sereno;Normale;Buona;Sufficiente;0;0;0;10;12,44128;41,94052;-1;1;Autovettura privata;In marcia / fermata / arresto;Conducente;M;Illeso;0;;;
3791279;19;21/04/2018 23:00;Strada Urbana;GALLERIA GIOVANNI XXIII;da specificare;;;;dir. Pineta Sacchetti;Scontro laterale fra veicoli in marcia;Galleria illuminata;Una carreggiata a senso unico di marcia;Asciutto;Asfaltata;Orizzontale;Sereno;Normale;Buona;Sufficiente;0;0;0;10;12,44128;41,94052;-1;2;Autocarro inferiore 35 q.;In marcia / fermata / arresto;Conducente;M;Illeso;0;;;
3791279;19;21/04/2018 23:00;Strada Urbana;GALLERIA GIOVANNI XXIII;da specificare;;;;dir. Pineta Sacchetti;Scontro laterale fra veicoli in marcia;Galleria illuminata;Una carreggiata a senso unico di marcia;Asciutto;Asfaltata;Orizzontale;Sereno;Normale;Buona;Sufficiente;0;0;0;10;12,44128;41,94052;-1;2;Autocarro inferiore 35 q.;In marcia / fermata / arresto;Passeggero;F;Illeso;0;;;
3791279;19;21/04/2018 23:00;Strada Urbana;GALLERIA GIOVANNI XXIII;da specificare;;;;dir. Pineta Sacchetti;Scontro laterale fra veicoli in marcia;Galleria illuminata;Una carreggiata a senso unico di marcia;Asciutto;Asfaltata;Orizzontale;Sereno;Normale;Buona;Sufficiente;0;0;0;10;12,44128;41,94052;-1;2;Autocarro inferiore 35 q.;In marcia / fermata / arresto;Passeggero;M;Illeso;0;;;
3791279;19;21/04/2018 23:00;Strada Urbana;GALLERIA GIOVANNI XXIII;da specificare;;;;dir. Pineta Sacchetti;Scontro laterale fra veicoli in marcia;Galleria illuminata;Una carreggiata a senso unico di marcia;Asciutto;Asfaltata;Orizzontale;Sereno;Normale;Buona;Sufficiente;0;0;0;10;12,44128;41,94052;-1;2;Autocarro inferiore 35 q.;In marcia / fermata / arresto;Passeggero;F;Illeso;0;;;
3791279;19;21/04/2018 23:00;Strada Urbana;GALLERIA GIOVANNI XXIII;da specificare;;;;dir. Pineta Sacchetti;Scontro laterale fra veicoli in marcia;Galleria illuminata;Una carreggiata a senso unico di marcia;Asciutto;Asfaltata;Orizzontale;Sereno;Normale;Buona;Sufficiente;0;0;0;10;12,44128;41,94052;-1;2;Autocarro inferiore 35 q.;In marcia / fermata / arresto;Passeggero;F;Illeso;0;;;
3791279;19;21/04/2018 23:00;Strada Urbana;GALLERIA GIOVANNI XXIII;da specificare;;;;dir. Pineta Sacchetti;Scontro laterale fra veicoli in marcia;Galleria illuminata;Una carreggiata a senso unico di marcia;Asciutto;Asfaltata;Orizzontale;Sereno;Normale;Buona;Sufficiente;0;0;0;10;12,44128;41,94052;-1;2;Autocarro inferiore 35 q.;In marcia / fermata / arresto;Passeggero;M;Illeso;0;;;
3791279;19;21/04/2018 23:00;Strada Urbana;GALLERIA GIOVANNI XXIII;da specificare;;;;dir. Pineta Sacchetti;Scontro laterale fra veicoli in marcia;Galleria illuminata;Una carreggiata a senso unico di marcia;Asciutto;Asfaltata;Orizzontale;Sereno;Normale;Buona;Sufficiente;0;0;0;10;12,44128;41,94052;-1;2;Autocarro inferiore 35 q.;In marcia / fermata / arresto;Passeggero;M;Illeso;0;;;
3791279;19;21/04/2018 23:00;Strada Urbana;GALLERIA GIOVANNI XXIII;da specificare;;;;dir. Pineta Sacchetti;Scontro laterale fra veicoli in marcia;Galleria illuminata;Una carreggiata a senso unico di marcia;Asciutto;Asfaltata;Orizzontale;Sereno;Normale;Buona;Sufficiente;0;0;0;10;12,44128;41,94052;-1;2;Autocarro inferiore 35 q.;In marcia / fermata / arresto;Passeggero;M;Illeso;0;;;
3791279;19;21/04/2018 23:00;Strada Urbana;GALLERIA GIOVANNI XXIII;da specificare;;;;dir. Pineta Sacchetti;Scontro laterale fra veicoli in marcia;Galleria illuminata;Una carreggiata a senso unico di marcia;Asciutto;Asfaltata;Orizzontale;Sereno;Normale;Buona;Sufficiente;0;0;0;10;12,44128;41,94052;-1;2;Autocarro inferiore 35 q.;In marcia / fermata / arresto;Passeggero;M;Illeso;0;;;
3791289;3;19/04/2018 21:20;Strada Urbana;LARGO MARESCIALLO DIAZ;all'intersezione con;VIA DEI ROBILANT;VIA DEI ROBILANT;;;Scontro laterale fra veicoli in marcia;Intersezione non regolata/non segnalata;Più di due carreggiate;Asciutto;Asfaltata;Verticale ed orizzontale;Sereno;Normale;Sufficiente;Sufficiente;0;0;0;3;12,46557;41,93646;-1;1;Autovettura privata;In marcia / fermata / arresto;Conducente;F;Illeso;0;;Non accertato;
3791289;3;19/04/2018 21:20;Strada Urbana;LARGO MARESCIALLO DIAZ;all'intersezione con;VIA DEI ROBILANT;VIA DEI ROBILANT;;;Scontro laterale fra veicoli in marcia;Intersezione non regolata/non segnalata;Più di due carreggiate;Asciutto;Asfaltata;Verticale ed orizzontale;Sereno;Normale;Sufficiente;Sufficiente;0;0;0;3;12,46557;41,93646;-1;1;Autovettura privata;In marcia / fermata / arresto;Passeggero;M;Illeso;0;;Non accertato;
3791289;3;19/04/2018 21:20;Strada Urbana;LARGO MARESCIALLO DIAZ;all'intersezione con;VIA DEI ROBILANT;VIA DEI ROBILANT;;;Scontro laterale fra veicoli in marcia;Intersezione non regolata/non segnalata;Più di due carreggiate;Asciutto;Asfaltata;Verticale ed orizzontale;Sereno;Normale;Sufficiente;Sufficiente;0;0;0;3;12,46557;41,93646;-1;2;Autovettura privata;In marcia / fermata / arresto;Conducente;M;Illeso;0;;Non accertato;
3791294;7;22/04/2018 04:30;Strada Urbana;VIA APPIA NUOVA;in corrispondenza;;del civico n.;594;;Ribaltamento senza urto contro ostacolo fisso;Rettilineo;Due carreggiate;Asciutto;Asfaltata;Orizzontale;Sereno;Scarso;Buona;Sufficiente;0;0;0;1;12,52875;41,86962;-1;1;Autovettura privata;In marcia / fermata / arresto;Conducente;M;Illeso;0;;Non accertato;Inesploso
3791301;13;22/04/2018 20:05;Strada Urbana;VIA DI ACILIA;da specificare;;;;ALTEZZA VIA PRATINA;Veicolo in marcia contro ostacolo accidentale;Rettilineo;Una carreggiata a doppio senso;Asciutto;Asfaltata;Orizzontale;Sereno;Normale;Insufficiente;Inesistente;0;0;0;1;12,37624;41,76893;-1;1;Autovettura privata;In marcia / fermata / arresto;Conducente;M;Illeso;0;;Non accertato;
3791310;7;22/04/2018 12:20;Strada Urbana;VIA PRENESTINA BIS;da specificare;;;;altezza rotatoria Tor Tre Teste;Tamponamento;Rettilineo;Due carreggiate;Asciutto;Asfaltata;Verticale ed orizzontale;Sereno;Normale;Buona;Ore Diurne;0;0;0;7;12,59122;41,89069;-1;1;Autovettura privata;In marcia / fermata / arresto;Passeggero;M;Illeso;0;;Non accertato;Inesploso
3791310;7;22/04/2018 12:20;Strada Urbana;VIA PRENESTINA BIS;da specificare;;;;altezza rotatoria Tor Tre Teste;Tamponamento;Rettilineo;Due carreggiate;Asciutto;Asfaltata;Verticale ed orizzontale;Sereno;Normale;Buona;Ore Diurne;0;0;0;7;12,59122;41,89069;-1;1;Autovettura privata;In marcia / fermata / arresto;Passeggero;M;Illeso;0;;Non accertato;Inesploso
3791310;7;22/04/2018 12:20;Strada Urbana;VIA PRENESTINA BIS;da specificare;;;;altezza rotatoria Tor Tre Teste;Tamponamento;Rettilineo;Due carreggiate;Asciutto;Asfaltata;Verticale ed orizzontale;Sereno;Normale;Buona;Ore Diurne;0;0;0;7;12,59122;41,89069;-1;1;Autovettura privata;In marcia / fermata / arresto;Passeggero;M;Illeso;0;;Non accertato;Inesploso
3791310;7;22/04/2018 12:20;Strada Urbana;VIA PRENESTINA BIS;da specificare;;;;altezza rotatoria Tor Tre Teste;Tamponamento;Rettilineo;Due carreggiate;Asciutto;Asfaltata;Verticale ed orizzontale;Sereno;Normale;Buona;Ore Diurne;0;0;0;7;12,59122;41,89069;-1;1;Autovettura privata;In marcia / fermata / arresto;Conducente;M;Illeso;0;;Non accertato;Inesploso
3791310;7;22/04/2018 12:20;Strada Urbana;VIA PRENESTINA BIS;da specificare;;;;altezza rotatoria Tor Tre Teste;Tamponamento;Rettilineo;Due carreggiate;Asciutto;Asfaltata;Verticale ed orizzontale;Sereno;Normale;Buona;Ore Diurne;0;0;0;7;12,59122;41,89069;-1;1;Autovettura privata;In marcia / fermata / arresto;Passeggero;M;Illeso;0;;Non accertato;Inesploso
3791310;7;22/04/2018 12:20;Strada Urbana;VIA PRENESTINA BIS;da specificare;;;;altezza rotatoria Tor Tre Teste;Tamponamento;Rettilineo;Due carreggiate;Asciutto;Asfaltata;Verticale ed orizzontale;Sereno;Normale;Buona;Ore Diurne;0;0;0;7;12,59122;41,89069;-1;2;Autovettura privata;In marcia / fermata / arresto;Conducente;M;Illeso;0;;Non accertato;Inesploso
3791325;2;22/04/2018 17:30;Strada Urbana;PIAZZA ALESSANDRIA;in corrispondenza;;del civico n.;26;;Veicolo in marcia contro veicoli in sosta;Curva a visuale libera;Una carreggiata a senso unico di marcia;Asciutto;Asfaltata;Verticale ed orizzontale;Sereno;Normale;Buona;Ore Diurne;1;0;0;0;12,50119;41,91155;-1;1;Motociclo a solo;In marcia / fermata / arresto;Conducente;M;Rimandato;0;NON DECEDUTO;Non accertato;
3791342;4;22/04/2018 17:20;Statale entro l'abitato;VIA SALARIA;in prossimità;;della chilometrica;20.95;;Scontro laterale fra veicoli in marcia;Curva a visuale libera;Una carreggiata a doppio senso;Asciutto;Asfaltata;Verticale ed orizzontale;Sereno;Normale;Buona;Ore Diurne;0;0;0;7;12,51724;41,98601;-1;1;Autovettura privata;In marcia / fermata / arresto;Conducente;M;Illeso;0;;Non accertato;Inesploso
3791342;4;22/04/2018 17:20;Statale entro l'abitato;VIA SALARIA;in prossimità;;della chilometrica;20.95;;Scontro laterale fra veicoli in marcia;Curva a visuale libera;Una carreggiata a doppio senso;Asciutto;Asfaltata;Verticale ed orizzontale;Sereno;Normale;Buona;Ore Diurne;0;0;0;7;12,51724;41,98601;-1;1;Autovettura privata;In marcia / fermata / arresto;Passeggero;F;Illeso;0;;Non accertato;Inesploso
3791342;4;22/04/2018 17:20;Statale entro l'abitato;VIA SALARIA;in prossimità;;della chilometrica;20.95;;Scontro laterale fra veicoli in marcia;Curva a visuale libera;Una carreggiata a doppio senso;Asciutto;Asfaltata;Verticale ed orizzontale;Sereno;Normale;Buona;Ore Diurne;0;0;0;7;12,51724;41,98601;-1;1;Autovettura privata;In marcia / fermata / arresto;Passeggero;M;Illeso;0;;Non accertato;Inesploso
3791342;4;22/04/2018 17:20;Statale entro l'abitato;VIA SALARIA;in prossimità;;della chilometrica;20.95;;Scontro laterale fra veicoli in marcia;Curva a visuale libera;Una carreggiata a doppio senso;Asciutto;Asfaltata;Verticale ed orizzontale;Sereno;Normale;Buona;Ore Diurne;0;0;0;7;12,51724;41,98601;-1;1;Autovettura privata;In marcia / fermata / arresto;Passeggero;M;Illeso;0;;Non accertato;Esploso
3791342;4;22/04/2018 17:20;Statale entro l'abitato;VIA SALARIA;in prossimità;;della chilometrica;20.95;;Scontro laterale fra veicoli in marcia;Curva a visuale libera;Una carreggiata a doppio senso;Asciutto;Asfaltata;Verticale ed orizzontale;Sereno;Normale;Buona;Ore Diurne;0;0;0;7;12,51724;41,98601;-1;2;Autovettura privata;In marcia / fermata / arresto;Conducente;M;Illeso;0;;Non accertato;Inesploso
3791342;4;22/04/2018 17:20;Statale entro l'abitato;VIA SALARIA;in prossimità;;della chilometrica;20.95;;Scontro laterale fra veicoli in marcia;Curva a visuale libera;Una carreggiata a doppio senso;Asciutto;Asfaltata;Verticale ed orizzontale;Sereno;Normale;Buona;Ore Diurne;0;0;0;7;12,51724;41,98601;-1;2;Autovettura privata;In marcia / fermata / arresto;Passeggero;F;Illeso;0;;Non accertato;Inesploso
3791342;4;22/04/2018 17:20;Statale entro l'abitato;VIA SALARIA;in prossimità;;della chilometrica;20.95;;Scontro laterale fra veicoli in marcia;Curva a visuale libera;Una carreggiata a doppio senso;Asciutto;Asfaltata;Verticale ed orizzontale;Sereno;Normale;Buona;Ore Diurne;0;0;0;7;12,51724;41,98601;-1;2;Autovettura privata;In marcia / fermata / arresto;Passeggero;F;Illeso;0;;Non accertato;Inesploso
3791347;19;22/04/2018 13:35;Strada Urbana;VIA DELLA RISERVA GRANDE;da specificare;;;;fronte civ. 163;Scontro frontale fra veicoli in marcia;Curva senza visuale libera;Una carreggiata a doppio senso;Asciutto;Asfaltata;Verticale ed orizzontale;Sereno;Scarso;Buona;Ore Diurne;0;0;0;6;12,3745;41,94655;-1;1;Autovettura privata;In marcia / fermata / arresto;Conducente;M;Illeso;0;;Non accertato;Inesploso
3791347;19;22/04/2018 13:35;Strada Urbana;VIA DELLA RISERVA GRANDE;da specificare;;;;fronte civ. 163;Scontro frontale fra veicoli in marcia;Curva senza visuale libera;Una carreggiata a doppio senso;Asciutto;Asfaltata;Verticale ed orizzontale;Sereno;Scarso;Buona;Ore Diurne;0;0;0;6;12,3745;41,94655;-1;2;Autovettura privata;In marcia / fermata / arresto;Passeggero;M;Illeso;0;;Non accertato;Inesploso
3791347;19;22/04/2018 13:35;Strada Urbana;VIA DELLA RISERVA GRANDE;da specificare;;;;fronte civ. 163;Scontro frontale fra veicoli in marcia;Curva senza visuale libera;Una carreggiata a doppio senso;Asciutto;Asfaltata;Verticale ed orizzontale;Sereno;Scarso;Buona;Ore Diurne;0;0;0;6;12,3745;41,94655;-1;2;Autovettura privata;In marcia / fermata / arresto;Passeggero;M;Illeso;0;;Non accertato;Inesploso
3791347;19;22/04/2018 13:35;Strada Urbana;VIA DELLA RISERVA GRANDE;da specificare;;;;fronte civ. 163;Scontro frontale fra veicoli in marcia;Curva senza visuale libera;Una carreggiata a doppio senso;Asciutto;Asfaltata;Verticale ed orizzontale;Sereno;Scarso;Buona;Ore Diurne;0;0;0;6;12,3745;41,94655;-1;2;Autovettura privata;In marcia / fermata / arresto;Passeggero;M;Illeso;0;;Non accertato;Inesploso
3791347;19;22/04/2018 13:35;Strada Urbana;VIA DELLA RISERVA GRANDE;da specificare;;;;fronte civ. 163;Scontro frontale fra veicoli in marcia;Curva senza visuale libera;Una carreggiata a doppio senso;Asciutto;Asfaltata;Verticale ed orizzontale;Sereno;Scarso;Buona;Ore Diurne;0;0;0;6;12,3745;41,94655;-1;2;Autovettura privata;In marcia / fermata / arresto;Passeggero;M;Illeso;0;;Non accertato;Inesploso
3791347;19;22/04/2018 13:35;Strada Urbana;VIA DELLA RISERVA GRANDE;da specificare;;;;fronte civ. 163;Scontro frontale fra veicoli in marcia;Curva senza visuale libera;Una carreggiata a doppio senso;Asciutto;Asfaltata;Verticale ed orizzontale;Sereno;Scarso;Buona;Ore Diurne;0;0;0;6;12,3745;41,94655;-1;2;Autovettura privata;In marcia / fermata / arresto;Conducente;M;Illeso;0;;Non accertato;Inesploso
3791349;17;22/04/2018 01:05;Strada Urbana;VIA POMPEO MAGNO;all'intersezione con;VIA VIRGINIO ORSINI;VIA VIRGINIO ORSINI;;;Veicolo in marcia contro veicolo in sosta;Incrocio;Una carreggiata a senso unico di marcia;Asciutto;Asfaltata;Verticale ed orizzontale;Sereno;Scarso;Sufficiente;Sufficiente;1;0;0;3;;;0;1;Quadriciclo leggero;In marcia / fermata / arresto;Conducente;M;Illeso;0;;Non accertato;
3791349;17;22/04/2018 01:05;Strada Urbana;VIA POMPEO MAGNO;all'intersezione con;VIA VIRGINIO ORSINI;VIA VIRGINIO ORSINI;;;Veicolo in marcia contro veicolo in sosta;Incrocio;Una carreggiata a senso unico di marcia;Asciutto;Asfaltata;Verticale ed orizzontale;Sereno;Scarso;Sufficiente;Sufficiente;1;0;0;3;;;0;1;Quadriciclo leggero;In marcia / fermata / arresto;Passeggero;M;Illeso;0;;;
3791349;17;22/04/2018 01:05;Strada Urbana;VIA POMPEO MAGNO;all'intersezione con;VIA VIRGINIO ORSINI;VIA VIRGINIO ORSINI;;;Veicolo in marcia contro veicolo in sosta;Incrocio;Una carreggiata a senso unico di marcia;Asciutto;Asfaltata;Verticale ed orizzontale;Sereno;Scarso;Sufficiente;Sufficiente;1;0;0;3;;;0;2;Autovettura privata;In marcia / fermata / arresto;Conducente;M;Illeso;0;;;
3791349;17;22/04/2018 01:05;Strada Urbana;VIA POMPEO MAGNO;all'intersezione con;VIA VIRGINIO ORSINI;VIA VIRGINIO ORSINI;;;Veicolo in marcia contro veicolo in sosta;Incrocio;Una carreggiata a senso unico di marcia;Asciutto;Asfaltata;Verticale ed orizzontale;Sereno;Scarso;Sufficiente;Sufficiente;1;0;0;3;;;0;2;Autovettura privata;In marcia / fermata / arresto;Passeggero;M;Rimandato;0;NON DECEDUTO;;
3791350;3;20/04/2018 02:20;Strada Urbana;VIA IGNAZIO GUIDI;da specificare;;;;sottovia dir.ne Porta Pia;Veicolo in marcia contro ostacolo fisso;Curva senza visuale libera;Una carreggiata a senso unico di marcia;Asciutto;Asfaltata;Assente;Sereno;Scarso;Buona;Sufficiente;0;0;0;1;12,50128;41,86358;-1;1;Autovettura privata;In marcia / fermata / arresto;Conducente;F;Illeso;0;;Non accertato;Inesploso
3791352;4;22/04/2018 02:35;Strada Urbana;VIALE DEL MURO TORTO;in prossimità;;del civico n.;5;;Veicolo in marcia contro veicolo fermo;Rettilineo;Due carreggiate;Asciutto;Asfaltata;Verticale ed orizzontale;Sereno;Normale;Sufficiente;Sufficiente;0;0;0;7;12,48774;41,90949;-1;1;Autovettura privata;In marcia / fermata / arresto;Conducente;M;Illeso;0;;;
3791352;4;22/04/2018 02:35;Strada Urbana;VIALE DEL MURO TORTO;in prossimità;;del civico n.;5;;Veicolo in marcia contro veicolo fermo;Rettilineo;Due carreggiate;Asciutto;Asfaltata;Verticale ed orizzontale;Sereno;Normale;Sufficiente;Sufficiente;0;0;0;7;12,48774;41,90949;-1;1;Autovettura privata;In marcia / fermata / arresto;Passeggero;F;Illeso;0;;;
3791352;4;22/04/2018 02:35;Strada Urbana;VIALE DEL MURO TORTO;in prossimità;;del civico n.;5;;Veicolo in marcia contro veicolo fermo;Rettilineo;Due carreggiate;Asciutto;Asfaltata;Verticale ed orizzontale;Sereno;Normale;Sufficiente;Sufficiente;0;0;0;7;12,48774;41,90949;-1;1;Autovettura privata;In marcia / fermata / arresto;Passeggero;F;Illeso;0;;;
3791352;4;22/04/2018 02:35;Strada Urbana;VIALE DEL MURO TORTO;in prossimità;;del civico n.;5;;Veicolo in marcia contro veicolo fermo;Rettilineo;Due carreggiate;Asciutto;Asfaltata;Verticale ed orizzontale;Sereno;Normale;Sufficiente;Sufficiente;0;0;0;7;12,48774;41,90949;-1;1;Autovettura privata;In marcia / fermata / arresto;Passeggero;M;Illeso;0;;;