Protocollo;Gruppo;DataOraIncidente;Localizzazione1;STRADA1;Localizzazione2;STRADA2;Strada02;Chilometrica;DaSpecificare;NaturaIncidente;particolaritastrade;TipoStrada;FondoStradale;Pavimentazione;Segnaletica;CondizioneAtmosferica;Traffico;Visibilita;Illuminazione;NUM_FERITI;NUM_RISERVATA;NUM_MORTI;NUM_ILLESI;Longitudine;Latitudine;Confermato;Progressivo;TipoVeicolo;StatoVeicolo;TipoPersona;Sesso;Tipolesione;Deceduto;DecedutoDopo;CinturaCascoUtilizzato;Airbag
3791352;4;22/04/2018 02:35;Strada Urbana;VIALE DEL MURO TORTO;in prossimità;;del civico n.;5;;Veicolo in marcia contro veicolo fermo;Rettilineo;Due carreggiate;Asciutto;Asfaltata;Verticale ed orizzontale;Sereno;Normale;Sufficiente;Sufficiente;0;0;0;7;12,48774;41,90949;-1;2;Autovettura privata;In marcia / fermata / arresto;Conducente;M;Illeso;0;;;
3791352;4;22/04/2018 02:35;Strada Urbana;VIALE DEL MURO TORTO;in prossimità;;del civico n.;5;;Veicolo in marcia contro veicolo fermo;Rettilineo;Due carreggiate;Asciutto;Asfaltata;Verticale ed orizzontale;Sereno;Normale;Sufficiente;Sufficiente;0;0;0;7;12,48774;41,90949;-1;2;Autovettura privata;In marcia / fermata / arresto;Passeggero;M;Illeso;0;;;
3791352;4;22/04/2018 02:35;Strada Urbana;VIALE DEL MURO TORTO;in prossimità;;del civico n.;5;;Veicolo in marcia contro veicolo fermo;Rettilineo;Due carreggiate;Asciutto;Asfaltata;Verticale ed orizzontale;Sereno;Normale;Sufficiente;Sufficiente;0;0;0;7;12,48774;41,90949;-1;2;Autovettura privata;In marcia / fermata / arresto;Passeggero;F;Illeso;0;;;
3791361;3;20/04/2018 15:30;Strada Urbana;VIA DEGLI AUSONI;in prossimità;;del civico n.;33;;Veicolo in marcia contro ostacolo accidentale;Rettilineo;Una carreggiata a senso unico di marcia;Asciutto;Asfaltata;Verticale ed orizzontale;Sereno;Normale;Buona;Ore Diurne;0;0;0;1;12,51753;41,89797;-1;1;Autovettura privata;In marcia / fermata / arresto;Conducente;M;Illeso;0;;Non accertato;Inesploso
3791372;4;22/04/2018 21:30;Strada Urbana;VIALE TITINA DE FILIPPO;in prossimità;;del civico n.;152;;Scontro laterale fra veicoli in marcia;Rettilineo;Due carreggiate;Asciutto;Asfaltata;Verticale;Sereno;Scarso;Sufficiente;Sufficiente;0;0;0;3;12,51812;41,96933;-1;1;Autovettura privata;In marcia / fermata / arresto;Conducente;M;Illeso;0;;;
3791372;4;22/04/2018 21:30;Strada Urbana;VIALE TITINA DE FILIPPO;in prossimità;;del civico n.;152;;Scontro laterale fra veicoli in marcia;Rettilineo;Due carreggiate;Asciutto;Asfaltata;Verticale;Sereno;Scarso;Sufficiente;Sufficiente;0;0;0;3;12,51812;41,96933;-1;1;Autovettura privata;In marcia / fermata / arresto;Passeggero;F;Illeso;0;;;
3791372;4;22/04/2018 21:30;Strada Urbana;VIALE TITINA DE FILIPPO;in prossimità;;del civico n.;152;;Scontro laterale fra veicoli in marcia;Rettilineo;Due carreggiate;Asciutto;Asfaltata;Verticale;Sereno;Scarso;Sufficiente;Sufficiente;0;0;0;3;12,51812;41,96933;-1;2;Autovettura privata;In marcia / fermata / arresto;Conducente;M;Illeso;0;;;
3791374;17;21/04/2018 20:30;Strada Urbana;VIA ANDREA DORIA;all'intersezione con;VIA TUNISI;VIA TUNISI;;;Tamponamento;Intersezione semaforizzata;Una carreggiata a doppio senso;Asciutto;Asfaltata;Verticale ed orizzontale;Sereno;Normale;Sufficiente;Sufficiente;0;0;0;2;12,45201;41,90969;-1;1;Autovettura privata;In marcia / fermata / arresto;Conducente;M;Illeso;0;;;
3791374;17;21/04/2018 20:30;Strada Urbana;VIA ANDREA DORIA;all'intersezione con;VIA TUNISI;VIA TUNISI;;;Tamponamento;Intersezione semaforizzata;Una carreggiata a doppio senso;Asciutto;Asfaltata;Verticale ed orizzontale;Sereno;Normale;Sufficiente;Sufficiente;0;0;0;2;12,45201;41,90969;-1;2;Autocarro inferiore 35 q.;In marcia / fermata / arresto;Conducente;M;Illeso;0;;;
3791391;17;22/04/2018 21:15;Strada Urbana;VIALE GIULIO CESARE;all'intersezione con;VIA OTRANTO;VIA OTRANTO;;;Tamponamento;Intersezione stradale segnalata;Una carreggiata a senso unico di marcia;Asciutto;Asfaltata;Verticale ed orizzontale;Sereno;Scarso;Sufficiente;Sufficiente;0;0;0;2;12,45687;41,90925;-1;1;Autovettura privata;In marcia / fermata / arresto;Conducente;M;Illeso;0;;;
3791391;17;22/04/2018 21:15;Strada Urbana;VIALE GIULIO CESARE;all'intersezione con;VIA OTRANTO;VIA OTRANTO;;;Tamponamento;Intersezione stradale segnalata;Una carreggiata a senso unico di marcia;Asciutto;Asfaltata;Verticale ed orizzontale;Sereno;Scarso;Sufficiente;Sufficiente;0;0;0;2;12,45687;41,90925;-1;1;Autovettura privata;In marcia / fermata / arresto;Passeggero;F;Illeso;0;;;
3791401;23;09/04/2018 05:40;Strada Urbana;VIA DOMENICO FONTANA;in prossimità;;del civico n.;12;;Veicolo in marcia contro ostacolo accidentale;Rettilineo;Una carreggiata a senso unico di marcia;Bagnato (pioggia);Con buche;Verticale ed orizzontale;Pioggia in atto;Scarso;Insufficiente;Insufficiente;1;0;0;0;12,50717;41,88782;-1;1;Motociclo a solo;In marcia / fermata / arresto;Conducente;M;Rimandato;0;NON DECEDUTO;Non accertato;
3791415;12;23/04/2018 09:45;Strada Urbana;VIALE PASTEUR;in prossimità;;del civico n.;59;;Investimento di pedone;Rettilineo;Una carreggiata a senso unico di marcia;Asciutto;Asfaltata;Verticale ed orizzontale;Sereno;Normale;Buona;Ore Diurne;2;0;0;1;12,4631;41,83246;-1;;;;Pedone;F;Rimandato;0;NON DECEDUTO;;
3791415;12;23/04/2018 09:45;Strada Urbana;VIALE PASTEUR;in prossimità;;del civico n.;59;;Investimento di pedone;Rettilineo;Una carreggiata a senso unico di marcia;Asciutto;Asfaltata;Verticale ed orizzontale;Sereno;Normale;Buona;Ore Diurne;2;0;0;1;12,4631;41,83246;-1;;;;Pedone;M;Rimandato;0;NON DECEDUTO;;
3791415;12;23/04/2018 09:45;Strada Urbana;VIALE PASTEUR;in prossimità;;del civico n.;59;;Investimento di pedone;Rettilineo;Una carreggiata a senso unico di marcia;Asciutto;Asfaltata;Verticale ed orizzontale;Sereno;Normale;Buona;Ore Diurne;2;0;0;1;12,4631;41,83246;-1;1;Autovettura privata;In marcia / fermata / arresto;Conducente;F;Illeso;0;;Utilizzato;Inesploso
3791429;3;20/04/2018 08:05;Strada Urbana;VIALE DELLE SCIENZE;in corrispondenza;;del civico n.;2;;Scontro laterale fra veicoli in marcia;Rettilineo;Due carreggiate;Asciutto;Asfaltata;Verticale ed orizzontale;Sereno;Normale;Buona;Ore Diurne;0;0;0;2;12,51107;41,90344;-1;1;Autovettura privata;In marcia / fermata / arresto;Conducente;M;Illeso;0;;Non accertato;Inesploso
3791429;3;20/04/2018 08:05;Strada Urbana;VIALE DELLE SCIENZE;in corrispondenza;;del civico n.;2;;Scontro laterale fra veicoli in marcia;Rettilineo;Due carreggiate;Asciutto;Asfaltata;Verticale ed orizzontale;Sereno;Normale;Buona;Ore Diurne;0;0;0;2;12,51107;41,90344;-1;2;Motociclo a solo;In marcia / fermata / arresto;Conducente;M;Illeso;0;;Non accertato;
3791461;19;22/04/2018 08:54;Strada Urbana;GALLERIA GIOVANNI XXIII;in prossimità;;della chilometrica;1.5;;Scontro laterale fra veicoli in marcia;Galleria illuminata;Una carreggiata a senso unico di marcia;Asciutto;Asfaltata;Verticale ed orizzontale;Sereno;Scarso;Buona;Ore Diurne;0;0;0;2;12,44128;41,94052;-1;1;Autovettura privata;In marcia / fermata / arresto;Conducente;F;Illeso;0;;Non accertato;Inesploso
3791461;19;22/04/2018 08:54;Strada Urbana;GALLERIA GIOVANNI XXIII;in prossimità;;della chilometrica;1.5;;Scontro laterale fra veicoli in marcia;Galleria illuminata;Una carreggiata a senso unico di marcia;Asciutto;Asfaltata;Verticale ed orizzontale;Sereno;Scarso;Buona;Ore Diurne;0;0;0;2;12,44128;41,94052;-1;2;Autovettura privata;In marcia / fermata / arresto;Conducente;F;Illeso;0;;Non accertato;Inesploso
3791500;12;18/04/2018 18:30;Provinciale;VIA ARDEATINA;in corrispondenza;;del civico n.;933;;Tamponamento;Rettilineo;Una carreggiata a doppio senso;Asciutto;Asfaltata;Verticale;Nuvoloso;Intenso;Buona;Ore Diurne;1;0;0;1;12,53565;41,79897;-1;1;Autovettura privata;In marcia / fermata / arresto;Conducente;M;Illeso;0;;Non accertato;Inesploso
3791500;12;18/04/2018 18:30;Provinciale;VIA ARDEATINA;in corrispondenza;;del civico n.;933;;Tamponamento;Rettilineo;Una carreggiata a doppio senso;Asciutto;Asfaltata;Verticale;Nuvoloso;Intenso;Buona;Ore Diurne;1;0;0;1;12,53565;41,79897;-1;2;Motociclo a solo;In marcia / fermata / arresto;Conducente;M;Rimandato;0;NON DECEDUTO;Utilizzato;
3791508;19;22/04/2018 12:30;Strada Urbana;VIA PIETRO BEMBO;in prossimità;;del civico n.;86;;Scontro frontale/laterale DX fra veicoli in marcia;Rettilineo;Una carreggiata a doppio senso;Asciutto;Asfaltata;Orizzontale;Sereno;Scarso;Buona;Ore Diurne;0;0;0;3;12,41184;41,91847;-1;1;Autovettura privata;In marcia / fermata / arresto;Conducente;F;Illeso;0;;Non accertato;Inesploso
3791508;19;22/04/2018 12:30;Strada Urbana;VIA PIETRO BEMBO;in prossimità;;del civico n.;86;;Scontro frontale/laterale DX fra veicoli in marcia;Rettilineo;Una carreggiata a doppio senso;Asciutto;Asfaltata;Orizzontale;Sereno;Scarso;Buona;Ore Diurne;0;0;0;3;12,41184;41,91847;-1;2;Autovettura privata;In marcia / fermata / arresto;Conducente;M;Illeso;0;;Non accertato;Inesploso
3791508;19;22/04/2018 12:30;Strada Urbana;VIA PIETRO BEMBO;in prossimità;;del civico n.;86;;Scontro frontale/laterale DX fra veicoli in marcia;Rettilineo;Una carreggiata a doppio senso;Asciutto;Asfaltata;Orizzontale;Sereno;Scarso;Buona;Ore Diurne;0;0;0;3;12,41184;41,91847;-1;2;Autovettura privata;In marcia / fermata / arresto;Passeggero;F;Illeso;0;;Non accertato;Inesploso
3791516;2;22/04/2018 17:50;Strada Urbana;VIALE SOMALIA;all'intersezione con;VIA RUGGERO LEONCAVALLO;VIA RUGGERO LEONCAVALLO;;;Scontro frontale/laterale SX fra veicoli in marcia;Incrocio;Una carreggiata a doppio senso;Asciutto;Asfaltata;Verticale ed orizzontale;Sereno;Scarso;Buona;Ore Diurne;1;0;0;0;12,51327;41,93589;-1;1;Motociclo a solo;In marcia / fermata / arresto;Conducente;M;Rifiuta cure immediate;0;NON DECEDUTO;;
3791517;2;22/04/2018 23:20;Strada Urbana;VIA VOLSINIO;all'intersezione con;VIA TARO;VIA TARO;;;Scontro frontale/laterale DX fra veicoli in marcia;Incrocio;Una carreggiata a senso unico di marcia;Asciutto;Asfaltata;Verticale ed orizzontale;Sereno;Scarso;Sufficiente;Sufficiente;0;0;0;3;12,50791;41,92306;-1;1;Autovettura privata;In marcia / fermata / arresto;Conducente;M;Illeso;0;;Non accertato;Inesploso
3791517;2;22/04/2018 23:20;Strada Urbana;VIA VOLSINIO;all'intersezione con;VIA TARO;VIA TARO;;;Scontro frontale/laterale DX fra veicoli in marcia;Incrocio;Una carreggiata a senso unico di marcia;Asciutto;Asfaltata;Verticale ed orizzontale;Sereno;Scarso;Sufficiente;Sufficiente;0;0;0;3;12,50791;41,92306;-1;1;Autovettura privata;In marcia / fermata / arresto;Passeggero;F;Illeso;0;;Non accertato;Inesploso
3791517;2;22/04/2018 23:20;Strada Urbana;VIA VOLSINIO;all'intersezione con;VIA TARO;VIA TARO;;;Scontro frontale/laterale DX fra veicoli in marcia;Incrocio;Una carreggiata a senso unico di marcia;Asciutto;Asfaltata;Verticale ed orizzontale;Sereno;Scarso;Sufficiente;Sufficiente;0;0;0;3;12,50791;41,92306;-1;2;Autovettura privata;In marcia / fermata / arresto;Conducente;M;Illeso;0;;Non accertato;Inesploso
3791535;6;23/04/2018 10:10;Strada Urbana;VIA DI ACQUA BULLICANTE;all'intersezione con;VIA FORMIA;VIA FORMIA;;;Tamponamento;Incrocio;Una carreggiata a doppio senso;Asciutto;Asfaltata;Verticale;Sereno;Normale;Buona;Ore Diurne;0;0;0;4;12,54341;41,88599;-1;1;Autovettura privata;In marcia / fermata / arresto;Conducente;M;Illeso;0;;Non accertato;Inesploso
3791535;6;23/04/2018 10:10;Strada Urbana;VIA DI ACQUA BULLICANTE;all'intersezione con;VIA FORMIA;VIA FORMIA;;;Tamponamento;Incrocio;Una carreggiata a doppio senso;Asciutto;Asfaltata;Verticale;Sereno;Normale;Buona;Ore Diurne;0;0;0;4;12,54341;41,88599;-1;1;Autovettura privata;In marcia / fermata / arresto;Passeggero;F;Illeso;0;;Non accertato;Inesploso
3791535;6;23/04/2018 10:10;Strada Urbana;VIA DI ACQUA BULLICANTE;all'intersezione con;VIA FORMIA;VIA FORMIA;;;Tamponamento;Incrocio;Una carreggiata a doppio senso;Asciutto;Asfaltata;Verticale;Sereno;Normale;Buona;Ore Diurne;0;0;0;4;12,54341;41,88599;-1;1;Autovettura privata;In marcia / fermata / arresto;Passeggero;F;Illeso;0;;Non accertato;Inesploso
3791535;6;23/04/2018 10:10;Strada Urbana;VIA DI ACQUA BULLICANTE;all'intersezione con;VIA FORMIA;VIA FORMIA;;;Tamponamento;Incrocio;Una carreggiata a doppio senso;Asciutto;Asfaltata;Verticale;Sereno;Normale;Buona;Ore Diurne;0;0;0;4;12,54341;41,88599;-1;2;Autovettura privata;In marcia / fermata / arresto;Conducente;M;Illeso;0;;Non accertato;Inesploso
3791573;12;23/04/2018 10:40;Strada Urbana;VIA MATTEO BARTOLI;all'intersezione con;VIA DELLA DIVISIONE TORINO;VIA DELLA DIVISIONE TORINO;;;Scontro frontale/laterale DX fra veicoli in marcia;Incrocio;Una carreggiata a doppio senso;Asciutto;Asfaltata;Verticale ed orizzontale;Sereno;Normale;Buona;Ore Diurne;0;0;0;5;12,48887;41,81845;-1;1;Autovettura privata;In marcia / fermata / arresto;Conducente;M;Illeso;0;;Utilizzato;Inesploso
3791573;12;23/04/2018 10:40;Strada Urbana;VIA MATTEO BARTOLI;all'intersezione con;VIA DELLA DIVISIONE TORINO;VIA DELLA DIVISIONE TORINO;;;Scontro frontale/laterale DX fra veicoli in marcia;Incrocio;Una carreggiata a doppio senso;Asciutto;Asfaltata;Verticale ed orizzontale;Sereno;Normale;Buona;Ore Diurne;0;0;0;5;12,48887;41,81845;-1;1;Autovettura privata;In marcia / fermata / arresto;Passeggero;F;Illeso;0;;Utilizzato;Inesploso
3791573;12;23/04/2018 10:40;Strada Urbana;VIA MATTEO BARTOLI;all'intersezione con;VIA DELLA DIVISIONE TORINO;VIA DELLA DIVISIONE TORINO;;;Scontro frontale/laterale DX fra veicoli in marcia;Incrocio;Una carreggiata a doppio senso;Asciutto;Asfaltata;Verticale ed orizzontale;Sereno;Normale;Buona;Ore Diurne;0;0;0;5;12,48887;41,81845;-1;1;Autovettura privata;In marcia / fermata / arresto;Passeggero;M;Illeso;0;;Utilizzato;Inesploso
3791573;12;23/04/2018 10:40;Strada Urbana;VIA MATTEO BARTOLI;all'intersezione con;VIA DELLA DIVISIONE TORINO;VIA DELLA DIVISIONE TORINO;;;Scontro frontale/laterale DX fra veicoli in marcia;Incrocio;Una carreggiata a doppio senso;Asciutto;Asfaltata;Verticale ed orizzontale;Sereno;Normale;Buona;Ore Diurne;0;0;0;5;12,48887;41,81845;-1;1;Autovettura privata;In marcia / fermata / arresto;Passeggero;M;Illeso;0;;Non accertato;Inesploso
3791573;12;23/04/2018 10:40;Strada Urbana;VIA MATTEO BARTOLI;all'intersezione con;VIA DELLA DIVISIONE TORINO;VIA DELLA DIVISIONE TORINO;;;Scontro frontale/laterale DX fra veicoli in marcia;Incrocio;Una carreggiata a doppio senso;Asciutto;Asfaltata;Verticale ed orizzontale;Sereno;Normale;Buona;Ore Diurne;0;0;0;5;12,48887;41,81845;-1;2;Autovettura privata;In marcia / fermata / arresto;Conducente;M;Illeso;0;;Utilizzato;Inesploso
3791611;10;23/04/2018 11:15;Strada Urbana;VIA ANAGNINA;all'intersezione semaforizzata con;VIA NIOBE;VIA NIOBE;;;Scontro laterale fra veicoli in marcia;Intersezione semaforizzata;Due carreggiate;Asciutto;Asfaltata;Verticale ed orizzontale;Sereno;Normale;Buona;Ore Diurne;1;0;0;2;12,61198;41,81963;-1;1;Autovettura pubblica;In marcia / fermata / arresto;Conducente;M;Illeso;0;;Non accertato;Inesploso
3791611;10;23/04/2018 11:15;Strada Urbana;VIA ANAGNINA;all'intersezione semaforizzata con;VIA NIOBE;VIA NIOBE;;;Scontro laterale fra veicoli in marcia;Intersezione semaforizzata;Due carreggiate;Asciutto;Asfaltata;Verticale ed orizzontale;Sereno;Normale;Buona;Ore Diurne;1;0;0;2;12,61198;41,81963;-1;2;Autovettura privata;In marcia / fermata / arresto;Conducente;M;Illeso;0;;Non accertato;Inesploso
3791611;10;23/04/2018 11:15;Strada Urbana;VIA ANAGNINA;all'intersezione semaforizzata con;VIA NIOBE;VIA NIOBE;;;Scontro laterale fra veicoli in marcia;Intersezione semaforizzata;Due carreggiate;Asciutto;Asfaltata;Verticale ed orizzontale;Sereno;Normale;Buona;Ore Diurne;1;0;0;2;12,61198;41,81963;-1;3;Motociclo a solo;In marcia / fermata / arresto;Conducente;M;Rimandato;0;NON DECEDUTO;Non accertato;
3791635;6;23/04/2018 10:35;Strada Urbana;VIA SAMPIERO DI BASTELICA;da specificare;;;;FRONTE N. FORTEGUERRI;Investimento di pedone;Rettilineo;Una carreggiata a senso unico di marcia;Asciutto;Asfaltata;Orizzontale;Sereno;Normale;Buona;Ore Diurne;1;0;0;1;12,54098;41,89095;-1;;;;Pedone;F;Rimandato;0;NON DECEDUTO;;
3791635;6;23/04/2018 10:35;Strada Urbana;VIA SAMPIERO DI BASTELICA;da specificare;;;;FRONTE N. FORTEGUERRI;Investimento di pedone;Rettilineo;Una carreggiata a senso unico di marcia;Asciutto;Asfaltata;Orizzontale;Sereno;Normale;Buona;Ore Diurne;1;0;0;1;12,54098;41,89095;-1;1;Autovettura privata;In marcia / fermata / arresto;Conducente;M;Illeso;0;;Non accertato;Inesploso
3791729;9;21/04/2018 19:40;Strada Urbana;VIA TEODORO MOMMSEN;in corrispondenza;;del civico n.;47;;Veicolo in marcia contro veicolo in sosta;Rettilineo;Una carreggiata a senso unico di marcia;Asciutto;Asfaltata;Verticale;Sereno;Scarso;Sufficiente;Sufficiente;0;0;0;1;12,5281;41,86697;-1;1;Autovettura privata;In marcia / fermata / arresto;Conducente;M;Illeso;0;;Non accertato;Inesploso
3791746;6;23/04/2018 08:15;Strada Urbana;CIRCONVALLAZIONE CASILINA;all'intersezione semaforizzata con;PIAZZALE PRENESTINO;PIAZZALE PRENESTINO;;;Veicolo in marcia contro ostacolo fisso;Incrocio;Una carreggiata a senso unico di marcia;Asciutto;Con buche;Verticale ed orizzontale;Sereno;Normale;Buona;Ore Diurne;0;0;0;1;12,52797;41,89125;-1;1;Autovettura privata;In marcia / fermata / arresto;Conducente;M;Illeso;0;;;
3791748;16;21/04/2018 15:50;Strada Urbana;VIA DEL CASALE NINFEO;all'intersezione con;VIA DELLA PISANA;VIA DELLA PISANA;;;Scontro frontale/laterale DX fra veicoli in marcia;Intersezione stradale segnalata;Una carreggiata a doppio senso;Asciutto;Asfaltata;Verticale ed orizzontale;Sereno;Normale;Buona;Ore Diurne;0;0;0;4;12,41525;41,87236;-1;1;Autocarro inferiore 35 q.;In marcia / fermata / arresto;Conducente;M;Illeso;0;;Non accertato;Inesploso
3791748;16;21/04/2018 15:50;Strada Urbana;VIA DEL CASALE NINFEO;all'intersezione con;VIA DELLA PISANA;VIA DELLA PISANA;;;Scontro frontale/laterale DX fra veicoli in marcia;Intersezione stradale segnalata;Una carreggiata a doppio senso;Asciutto;Asfaltata;Verticale ed orizzontale;Sereno;Normale;Buona;Ore Diurne;0;0;0;4;12,41525;41,87236;-1;1;Autocarro inferiore 35 q.;In marcia / fermata / arresto;Passeggero;M;Illeso;0;;Non accertato;Inesploso
3791748;16;21/04/2018 15:50;Strada Urbana;VIA DEL CASALE NINFEO;all'intersezione con;VIA DELLA PISANA;VIA DELLA PISANA;;;Scontro frontale/laterale DX fra veicoli in marcia;Intersezione stradale segnalata;Una carreggiata a doppio senso;Asciutto;Asfaltata;Verticale ed orizzontale;Sereno;Normale;Buona;Ore Diurne;0;0;0;4;12,41525;41,87236;-1;1;Autocarro inferiore 35 q.;In marcia / fermata / arresto;Passeggero;M;Illeso;0;;Non accertato;Inesploso
3791748;16;21/04/2018 15:50;Strada Urbana;VIA DEL CASALE NINFEO;all'intersezione con;VIA DELLA PISANA;VIA DELLA PISANA;;;Scontro frontale/laterale DX fra veicoli in marcia;Intersezione stradale segnalata;Una carreggiata a doppio senso;Asciutto;Asfaltata;Verticale ed orizzontale;Sereno;Normale;Buona;Ore Diurne;0;0;0;4;12,41525;41,87236;-1;2;Autovettura privata;In marcia / fermata / arresto;Conducente;F;Illeso;0;;Non accertato;Inesploso
3791839;3;21/04/2018 14:30;Strada Urbana;VIA NOMENTANA;all'intersezione con;VIALE VENTUNO APRILE;VIALE VENTUNO APRILE;;;Scontro frontale/laterale DX fra veicoli in marcia;Intersezione semaforizzata;Più di due carreggiate;Asciutto;Asfaltata;Verticale ed orizzontale;Sereno;Normale;Buona;Ore Diurne;0;0;0;3;12,51839;41,92066;-1;1;Autovettura privata;In marcia / fermata / arresto;Conducente;M;Illeso;0;;Non accertato;Inesploso
3791839;3;21/04/2018 14:30;Strada Urbana;VIA NOMENTANA;all'intersezione con;VIALE VENTUNO APRILE;VIALE VENTUNO APRILE;;;Scontro frontale/laterale DX fra veicoli in marcia;Intersezione semaforizzata;Più di due carreggiate;Asciutto;Asfaltata;Verticale ed orizzontale;Sereno;Normale;Buona;Ore Diurne;0;0;0;3;12,51839;41,92066;-1;2;Motociclo a solo;In marcia / fermata / arresto;Conducente;M;Illeso;0;;Non accertato;
3791839;3;21/04/2018 14:30;Strada Urbana;VIA NOMENTANA;all'intersezione con;VIALE VENTUNO APRILE;VIALE VENTUNO APRILE;;;Scontro frontale/laterale DX fra veicoli in marcia;Intersezione semaforizzata;Più di due carreggiate;Asciutto;Asfaltata;Verticale ed orizzontale;Sereno;Normale;Buona;Ore Diurne;0;0;0;3;12,51839;41,92066;-1;2;Motociclo a solo;In marcia / fermata / arresto;Passeggero;M;Illeso;0;;Non accertato;
3791849;3;21/04/2018 01:45;Strada Urbana;VIALE DELL'UNIVERSITA';all'intersezione con;VIALE DELLE SCIENZE;VIALE DELLE SCIENZE;;;Scontro frontale/laterale SX fra veicoli in marcia;Incrocio;Due carreggiate;Asciutto;Asfaltata;Verticale ed orizzontale;Sereno;Scarso;Insufficiente;Insufficiente;2;0;0;3;12,51089;41,9041;-1;1;Autovettura privata;In marcia / fermata / arresto;Conducente;F;Rimandato;0;NON DECEDUTO;Non accertato;Inesploso
3791849;3;21/04/2018 01:45;Strada Urbana;VIALE DELL'UNIVERSITA';all'intersezione con;VIALE DELLE SCIENZE;VIALE DELLE SCIENZE;;;Scontro frontale/laterale SX fra veicoli in marcia;Incrocio;Due carreggiate;Asciutto;Asfaltata;Verticale ed orizzontale;Sereno;Scarso;Insufficiente;Insufficiente;2;0;0;3;12,51089;41,9041;-1;1;Autovettura privata;In marcia / fermata / arresto;Passeggero;F;Illeso;0;;Non accertato;Inesploso
3791849;3;21/04/2018 01:45;Strada Urbana;VIALE DELL'UNIVERSITA';all'intersezione con;VIALE DELLE SCIENZE;VIALE DELLE SCIENZE;;;Scontro frontale/laterale SX fra veicoli in marcia;Incrocio;Due carreggiate;Asciutto;Asfaltata;Verticale ed orizzontale;Sereno;Scarso;Insufficiente;Insufficiente;2;0;0;3;12,51089;41,9041;-1;2;Autovettura privata;In marcia / fermata / arresto;Conducente;M;Illeso;0;;Non accertato;Inesploso
3791849;3;21/04/2018 01:45;Strada Urbana;VIALE DELL'UNIVERSITA';all'intersezione con;VIALE DELLE SCIENZE;VIALE DELLE SCIENZE;;;Scontro frontale/laterale SX fra veicoli in marcia;Incrocio;Due carreggiate;Asciutto;Asfaltata;Verticale ed orizzontale;Sereno;Scarso;Insufficiente;Insufficiente;2;0;0;3;12,51089;41,9041;-1;2;Autovettura privata;In marcia / fermata / arresto;Passeggero;M;Rimandato;0;NON DECEDUTO;Non accertato;Inesploso
3791849;3;21/04/2018 01:45;Strada Urbana;VIALE DELL'UNIVERSITA';all'intersezione con;VIALE DELLE SCIENZE;VIALE DELLE SCIENZE;;;Scontro frontale/laterale SX fra veicoli in marcia;Incrocio;Due carreggiate;Asciutto;Asfaltata;Verticale ed orizzontale;Sereno;Scarso;Insufficiente;Insufficiente;2;0;0;3;12,51089;41,9041;-1;2;Autovettura privata;In marcia / fermata / arresto;Passeggero;M;Illeso;0;;Non accertato;Inesploso
3791859;11;23/04/2018 12:45;Strada Urbana;VIA DELLE SETTE CHIESE;in corrispondenza;;del civico n.;139;;Veicolo in marcia contro ostacolo fisso;Rettilineo;Una carreggiata a senso unico di marcia;Asciutto;Asfaltata;Verticale ed orizzontale;Sereno;Scarso;Buona;Ore Diurne;1;0;0;0;12,49636;41,85997;-1;1;Autovettura privata;In marcia / fermata / arresto;Conducente;F;Rimandato;0;NON DECEDUTO;Non accertato;Inesploso
3791865;3;21/04/2018 00:15;Strada Urbana;VIALE DELL'UNIVERSITA';all'intersezione semaforizzata con;VIALE REGINA ELENA;VIALE REGINA ELENA;;;Tamponamento Multiplo;Incrocio;Due carreggiate;Asciutto;Asfaltata;Verticale ed orizzontale;Sereno;Scarso;Insufficiente;Inesistente;0;0;0;6;12,5156;41,90557;-1;1;Autovettura privata;In marcia / fermata / arresto;Conducente;M;Illeso;0;;Non accertato;
3791865;3;21/04/2018 00:15;Strada Urbana;VIALE DELL'UNIVERSITA';all'intersezione semaforizzata con;VIALE REGINA ELENA;VIALE REGINA ELENA;;;Tamponamento Multiplo;Incrocio;Due carreggiate;Asciutto;Asfaltata;Verticale ed orizzontale;Sereno;Scarso;Insufficiente;Inesistente;0;0;0;6;12,5156;41,90557;-1;1;Autovettura privata;In marcia / fermata / arresto;Passeggero;F;Illeso;0;;Non accertato;
3791865;3;21/04/2018 00:15;Strada Urbana;VIALE DELL'UNIVERSITA';all'intersezione semaforizzata con;VIALE REGINA ELENA;VIALE REGINA ELENA;;;Tamponamento Multiplo;Incrocio;Due carreggiate;Asciutto;Asfaltata;Verticale ed orizzontale;Sereno;Scarso;Insufficiente;Inesistente;0;0;0;6;12,5156;41,90557;-1;2;Autovettura privata;In marcia / fermata / arresto;Conducente;M;Illeso;0;;Non accertato;
3791865;3;21/04/2018 00:15;Strada Urbana;VIALE DELL'UNIVERSITA';all'intersezione semaforizzata con;VIALE REGINA ELENA;VIALE REGINA ELENA;;;Tamponamento Multiplo;Incrocio;Due carreggiate;Asciutto;Asfaltata;Verticale ed orizzontale;Sereno;Scarso;Insufficiente;Inesistente;0;0;0;6;12,5156;41,90557;-1;3;Autovettura privata;In marcia / fermata / arresto;Conducente;F;Illeso;0;;Non accertato;
3791865;3;21/04/2018 00:15;Strada Urbana;VIALE DELL'UNIVERSITA';all'intersezione semaforizzata con;VIALE REGINA ELENA;VIALE REGINA ELENA;;;Tamponamento Multiplo;Incrocio;Due carreggiate;Asciutto;Asfaltata;Verticale ed orizzontale;Sereno;Scarso;Insufficiente;Inesistente;0;0;0;6;12,5156;41,90557;-1;3;Autovettura privata;In marcia / fermata / arresto;Passeggero;F;Illeso;0;;Non accertato;