Protocollo;Gruppo;DataOraIncidente;Localizzazione1;STRADA1;Localizzazione2;STRADA2;Strada02;Chilometrica;DaSpecificare;NaturaIncidente;particolaritastrade;TipoStrada;FondoStradale;Pavimentazione;Segnaletica;CondizioneAtmosferica;Traffico;Visibilita;Illuminazione;NUM_FERITI;NUM_RISERVATA;NUM_MORTI;NUM_ILLESI;Longitudine;Latitudine;Confermato;Progressivo;TipoVeicolo;StatoVeicolo;TipoPersona;Sesso;Tipolesione;Deceduto;DecedutoDopo;CinturaCascoUtilizzato;Airbag
3792534;12;22/04/2018 21:05;Strada Urbana;VIA CRISTOFORO COLOMBO;da specificare;;;;prossimità palo acea n. 572;Tamponamento;Rettilineo;Due carreggiate;Asciutto;Asfaltata;Verticale ed orizzontale;Sereno;Scarso;Buona;Sufficiente;3;0;0;1;12,45633;41,81562;-1;1;Motociclo a solo;In marcia / fermata / arresto;Conducente;M;Rimandato;0;NON DECEDUTO;Non accertato;
3792534;12;22/04/2018 21:05;Strada Urbana;VIA CRISTOFORO COLOMBO;da specificare;;;;prossimità palo acea n. 572;Tamponamento;Rettilineo;Due carreggiate;Asciutto;Asfaltata;Verticale ed orizzontale;Sereno;Scarso;Buona;Sufficiente;3;0;0;1;12,45633;41,81562;-1;1;Motociclo a solo;In marcia / fermata / arresto;Passeggero;M;Rimandato;0;NON DECEDUTO;Utilizzato;
3792534;12;22/04/2018 21:05;Strada Urbana;VIA CRISTOFORO COLOMBO;da specificare;;;;prossimità palo acea n. 572;Tamponamento;Rettilineo;Due carreggiate;Asciutto;Asfaltata;Verticale ed orizzontale;Sereno;Scarso;Buona;Sufficiente;3;0;0;1;12,45633;41,81562;-1;2;Autovettura privata;In marcia / fermata / arresto;Conducente;F;Rimandato;0;NON DECEDUTO;Utilizzato;Inesploso
3792534;12;22/04/2018 21:05;Strada Urbana;VIA CRISTOFORO COLOMBO;da specificare;;;;prossimità palo acea n. 572;Tamponamento;Rettilineo;Due carreggiate;Asciutto;Asfaltata;Verticale ed orizzontale;Sereno;Scarso;Buona;Sufficiente;3;0;0;1;12,45633;41,81562;-1;2;Autovettura privata;In marcia / fermata / arresto;Passeggero;F;Illeso;0;;Utilizzato;Inesploso
3792724;7;23/04/2018 22:30;Strada Urbana;VIA ACAIA;in prossimità;;del civico n.;61;;Veicolo in marcia contro veicolo fermo;Rettilineo;Una carreggiata a doppio senso;Asciutto;Asfaltata;Assente;Sereno;Intenso;Sufficiente;Sufficiente;0;0;0;2;12,50772;41,87586;0;1;Autovettura privata;In marcia / fermata / arresto;Conducente;M;Illeso;0;;;
3792724;7;23/04/2018 22:30;Strada Urbana;VIA ACAIA;in prossimità;;del civico n.;61;;Veicolo in marcia contro veicolo fermo;Rettilineo;Una carreggiata a doppio senso;Asciutto;Asfaltata;Assente;Sereno;Intenso;Sufficiente;Sufficiente;0;0;0;2;12,50772;41,87586;0;2;Autovettura privata;In marcia / fermata / arresto;Conducente;M;Illeso;0;;;
3792726;15;23/04/2018 16:55;Strada Urbana;VIA DELLA PISANA;da specificare;;;;altezza Gra dir Aurelia;Scontro frontale fra veicoli in marcia;Rettilineo;Una carreggiata a doppio senso;Asciutto;Asfaltata;Verticale ed orizzontale;Sereno;Normale;Buona;Ore Diurne;1;0;0;1;12,38897;41,85768;-1;1;Autovettura privata;In marcia / fermata / arresto;Conducente;F;Illeso;0;;Utilizzato;Inesploso
3792726;15;23/04/2018 16:55;Strada Urbana;VIA DELLA PISANA;da specificare;;;;altezza Gra dir Aurelia;Scontro frontale fra veicoli in marcia;Rettilineo;Una carreggiata a doppio senso;Asciutto;Asfaltata;Verticale ed orizzontale;Sereno;Normale;Buona;Ore Diurne;1;0;0;1;12,38897;41,85768;-1;2;Motociclo a solo;In marcia / fermata / arresto;Conducente;M;Rimandato;0;NON DECEDUTO;Utilizzato;
3792734;15;23/04/2018 09:40;Strada Urbana;VIA DELLA MAGLIANA;all'intersezione con;LUNGOTEVERE DELLA MAGLIANA;LUNGOTEVERE DELLA MAGLIANA;;;Tamponamento;Incrocio;Una carreggiata a senso unico di marcia;Asciutto;Asfaltata;Verticale ed orizzontale;Sereno;Normale;Buona;Ore Diurne;0;0;0;3;12,41962;41,83172;-1;1;Autovettura privata;In marcia / fermata / arresto;Conducente;F;Illeso;0;;Non accertato;Inesploso
3792734;15;23/04/2018 09:40;Strada Urbana;VIA DELLA MAGLIANA;all'intersezione con;LUNGOTEVERE DELLA MAGLIANA;LUNGOTEVERE DELLA MAGLIANA;;;Tamponamento;Incrocio;Una carreggiata a senso unico di marcia;Asciutto;Asfaltata;Verticale ed orizzontale;Sereno;Normale;Buona;Ore Diurne;0;0;0;3;12,41962;41,83172;-1;1;Autovettura privata;In marcia / fermata / arresto;Passeggero;M;Illeso;0;;Non accertato;Inesploso
3792734;15;23/04/2018 09:40;Strada Urbana;VIA DELLA MAGLIANA;all'intersezione con;LUNGOTEVERE DELLA MAGLIANA;LUNGOTEVERE DELLA MAGLIANA;;;Tamponamento;Incrocio;Una carreggiata a senso unico di marcia;Asciutto;Asfaltata;Verticale ed orizzontale;Sereno;Normale;Buona;Ore Diurne;0;0;0;3;12,41962;41,83172;-1;2;Autovettura privata;In marcia / fermata / arresto;Conducente;M;Illeso;0;;Non accertato;Inesploso
3792739;11;23/04/2018 16:00;Strada Urbana;VIA CRISTOFORO COLOMBO;all'intersezione semaforizzata con;VIA ARISTIDE LEONORI;VIA ARISTIDE LEONORI;;;Tamponamento;Intersezione semaforizzata;Più di due carreggiate;Asciutto;Asfaltata;Verticale ed orizzontale;Sereno;Normale;Buona;Ore Diurne;0;0;0;2;12,48598;41,85089;-1;1;Autovettura privata;In marcia / fermata / arresto;Conducente;F;Illeso;0;;;
3792739;11;23/04/2018 16:00;Strada Urbana;VIA CRISTOFORO COLOMBO;all'intersezione semaforizzata con;VIA ARISTIDE LEONORI;VIA ARISTIDE LEONORI;;;Tamponamento;Intersezione semaforizzata;Più di due carreggiate;Asciutto;Asfaltata;Verticale ed orizzontale;Sereno;Normale;Buona;Ore Diurne;0;0;0;2;12,48598;41,85089;-1;2;Autovettura privata;In marcia / fermata / arresto;Conducente;F;Illeso;0;;;
3792742;11;23/04/2018 21:20;Strada Urbana;VIA LAURENTINA;in corrispondenza;;del civico n.;455;;Scontro laterale fra veicoli in marcia;Rettilineo;Due carreggiate;Asciutto;Asfaltata;Verticale ed orizzontale;Sereno;Normale;Sufficiente;Ore Diurne;3;0;0;1;12,48076;41,83166;-1;1;Autovettura privata;In marcia / fermata / arresto;Conducente;M;Illeso;0;;Utilizzato;
3792742;11;23/04/2018 21:20;Strada Urbana;VIA LAURENTINA;in corrispondenza;;del civico n.;455;;Scontro laterale fra veicoli in marcia;Rettilineo;Due carreggiate;Asciutto;Asfaltata;Verticale ed orizzontale;Sereno;Normale;Sufficiente;Ore Diurne;3;0;0;1;12,48076;41,83166;-1;2;Autovettura privata;In marcia / fermata / arresto;Conducente;M;Rifiuta cure immediate;0;NON DECEDUTO;Non accertato;
3792742;11;23/04/2018 21:20;Strada Urbana;VIA LAURENTINA;in corrispondenza;;del civico n.;455;;Scontro laterale fra veicoli in marcia;Rettilineo;Due carreggiate;Asciutto;Asfaltata;Verticale ed orizzontale;Sereno;Normale;Sufficiente;Ore Diurne;3;0;0;1;12,48076;41,83166;-1;3;Autovettura di polizia;In marcia / fermata / arresto;Conducente;M;Rifiuta cure immediate;0;NON DECEDUTO;Non accertato;
3792742;11;23/04/2018 21:20;Strada Urbana;VIA LAURENTINA;in corrispondenza;;del civico n.;455;;Scontro laterale fra veicoli in marcia;Rettilineo;Due carreggiate;Asciutto;Asfaltata;Verticale ed orizzontale;Sereno;Normale;Sufficiente;Ore Diurne;3;0;0;1;12,48076;41,83166;-1;3;Autovettura di polizia;In marcia / fermata / arresto;Passeggero;M;Rifiuta cure immediate;0;NON DECEDUTO;Non accertato;
3792743;13;23/04/2018 09:20;Strada Urbana;VIA ORAZIO AMATO;in corrispondenza;;del civico n.;78;;Veicolo in marcia contro veicolo fermo;Rettilineo;Una carreggiata a doppio senso;Asciutto;Asfaltata;Verticale ed orizzontale;Sereno;Normale;Buona;Ore Diurne;0;0;0;3;12,36071;41,77639;-1;1;Autovettura privata;In marcia / fermata / arresto;Conducente;F;Illeso;0;;;
3792743;13;23/04/2018 09:20;Strada Urbana;VIA ORAZIO AMATO;in corrispondenza;;del civico n.;78;;Veicolo in marcia contro veicolo fermo;Rettilineo;Una carreggiata a doppio senso;Asciutto;Asfaltata;Verticale ed orizzontale;Sereno;Normale;Buona;Ore Diurne;0;0;0;3;12,36071;41,77639;-1;2;Autovettura privata;In marcia / fermata / arresto;Conducente;M;Illeso;0;;;
3792743;13;23/04/2018 09:20;Strada Urbana;VIA ORAZIO AMATO;in corrispondenza;;del civico n.;78;;Veicolo in marcia contro veicolo fermo;Rettilineo;Una carreggiata a doppio senso;Asciutto;Asfaltata;Verticale ed orizzontale;Sereno;Normale;Buona;Ore Diurne;0;0;0;3;12,36071;41,77639;-1;2;Autovettura privata;In marcia / fermata / arresto;Passeggero;F;Illeso;0;;Non accertato;Inesploso
3792747;5;23/04/2018 08:30;Strada Urbana;VIA DELLE MESSI D'ORO;da specificare;;;;"altezza ingresso parcheggio di scambio metro ""B""";Scontro laterale fra veicoli in marcia;Rettilineo;Una carreggiata a doppio senso;Asciutto;Asfaltata;Assente;Sereno;Normale;Buona;Ore Diurne;0;0;0;2;12,56192;41,92041;-1;1;Autovettura privata;In marcia / fermata / arresto;Conducente;M;Illeso;0;;Non accertato;Inesploso
3792747;5;23/04/2018 08:30;Strada Urbana;VIA DELLE MESSI D'ORO;da specificare;;;;"altezza ingresso parcheggio di scambio metro ""B""";Scontro laterale fra veicoli in marcia;Rettilineo;Una carreggiata a doppio senso;Asciutto;Asfaltata;Assente;Sereno;Normale;Buona;Ore Diurne;0;0;0;2;12,56192;41,92041;-1;2;Autovettura privata;In marcia / fermata / arresto;Conducente;M;Illeso;0;;Non accertato;Inesploso
3792755;20;23/04/2018 12:10;Regionale entro l'abitato;VIA FLAMINIA;in prossimità;;della chilometrica;7900;;Tamponamento;Rettilineo;Una carreggiata a senso unico di marcia;Asciutto;Asfaltata;Verticale ed orizzontale;Sereno;Normale;Buona;Ore Diurne;0;0;0;2;12,47183;41,94192;-1;1;Autovettura privata;In marcia / fermata / arresto;Conducente;F;Illeso;0;;Non accertato;
3792755;20;23/04/2018 12:10;Regionale entro l'abitato;VIA FLAMINIA;in prossimità;;della chilometrica;7900;;Tamponamento;Rettilineo;Una carreggiata a senso unico di marcia;Asciutto;Asfaltata;Verticale ed orizzontale;Sereno;Normale;Buona;Ore Diurne;0;0;0;2;12,47183;41,94192;-1;2;Autovettura privata;In marcia / fermata / arresto;Conducente;F;Illeso;0;;Non accertato;
3792762;12;20/04/2018 11:20;Strada Urbana;VIALE CESARE PAVESE;all'intersezione con;VIA MASSIMO BONTEMPELLI;VIA MASSIMO BONTEMPELLI;;;Scontro frontale/laterale SX fra veicoli in marcia;Intersezione stradale segnalata;Una carreggiata a doppio senso;Asciutto;Asfaltata;Verticale ed orizzontale;Sereno;Normale;Buona;Ore Diurne;0;0;0;2;12,46888;41,81713;-1;1;Autovettura privata;In marcia / fermata / arresto;Conducente;M;Illeso;0;;;Inesploso
3792762;12;20/04/2018 11:20;Strada Urbana;VIALE CESARE PAVESE;all'intersezione con;VIA MASSIMO BONTEMPELLI;VIA MASSIMO BONTEMPELLI;;;Scontro frontale/laterale SX fra veicoli in marcia;Intersezione stradale segnalata;Una carreggiata a doppio senso;Asciutto;Asfaltata;Verticale ed orizzontale;Sereno;Normale;Buona;Ore Diurne;0;0;0;2;12,46888;41,81713;-1;2;Autovettura privata;In marcia / fermata / arresto;Conducente;F;Illeso;0;;;Inesploso
3792763;12;21/04/2018 10:45;Strada Urbana;VIA ETTORE ARENA;in corrispondenza;;del civico n.;101;;Veicolo in marcia contro veicoli in sosta;Rettilineo;Una carreggiata a doppio senso;Asciutto;Asfaltata;Orizzontale;Sereno;Scarso;Buona;Ore Diurne;0;0;0;1;12,44552;41,79066;-1;2;Autotreno;In marcia / fermata / arresto;Conducente;M;Illeso;0;;Non accertato;Inesploso
3792764;5;23/04/2018 20:45;Strada Urbana;VIA TIBURTINA;in corrispondenza;;del civico n.;606;;Tamponamento;Rettilineo;Due carreggiate;Asciutto;Asfaltata;Verticale ed orizzontale;Sereno;Normale;Buona;Sufficiente;1;0;0;3;12,54533;41,90869;-1;1;Autovettura privata;In marcia / fermata / arresto;Conducente;M;Illeso;0;;Non accertato;Inesploso
3792764;5;23/04/2018 20:45;Strada Urbana;VIA TIBURTINA;in corrispondenza;;del civico n.;606;;Tamponamento;Rettilineo;Due carreggiate;Asciutto;Asfaltata;Verticale ed orizzontale;Sereno;Normale;Buona;Sufficiente;1;0;0;3;12,54533;41,90869;-1;1;Autovettura privata;In marcia / fermata / arresto;Passeggero;F;Illeso;0;;Non accertato;Inesploso
3792764;5;23/04/2018 20:45;Strada Urbana;VIA TIBURTINA;in corrispondenza;;del civico n.;606;;Tamponamento;Rettilineo;Due carreggiate;Asciutto;Asfaltata;Verticale ed orizzontale;Sereno;Normale;Buona;Sufficiente;1;0;0;3;12,54533;41,90869;-1;2;Motociclo a solo;In marcia / fermata / arresto;Conducente;M;Rimandato;0;NON DECEDUTO;Non accertato;
3792766;18;23/04/2018 17:50;Strada Urbana;VIA DI TORREVECCHIA;in corrispondenza;;del civico n.;906;;Scontro frontale/laterale SX fra veicoli in marcia;Rettilineo;Una carreggiata a doppio senso;Asciutto;Asfaltata;Assente;Sereno;Normale;Buona;Ore Diurne;0;0;0;2;12,40784;41,91573;-1;1;Autovettura privata;In marcia / fermata / arresto;Conducente;M;Illeso;0;;Non accertato;Inesploso
3792766;18;23/04/2018 17:50;Strada Urbana;VIA DI TORREVECCHIA;in corrispondenza;;del civico n.;906;;Scontro frontale/laterale SX fra veicoli in marcia;Rettilineo;Una carreggiata a doppio senso;Asciutto;Asfaltata;Assente;Sereno;Normale;Buona;Ore Diurne;0;0;0;2;12,40784;41,91573;-1;2;Autovettura privata;In marcia / fermata / arresto;Conducente;M;Illeso;0;;Non accertato;Inesploso
3792771;13;23/04/2018 08:15;Strada Urbana;VIA DI DRAGONCELLO;all'intersezione con;VIA ANDREA CATRANI;VIA ANDREA CATRANI;;;Scontro frontale/laterale DX fra veicoli in marcia;Incrocio;Due carreggiate;Asciutto;Asfaltata;Verticale ed orizzontale;Sereno;Normale;Buona;Ore Diurne;0;0;0;2;12,34854;41,78706;-1;1;Autovettura privata;In marcia / fermata / arresto;Conducente;M;Illeso;0;;Non accertato;
3792771;13;23/04/2018 08:15;Strada Urbana;VIA DI DRAGONCELLO;all'intersezione con;VIA ANDREA CATRANI;VIA ANDREA CATRANI;;;Scontro frontale/laterale DX fra veicoli in marcia;Incrocio;Due carreggiate;Asciutto;Asfaltata;Verticale ed orizzontale;Sereno;Normale;Buona;Ore Diurne;0;0;0;2;12,34854;41,78706;-1;2;Autocarro inferiore 35 q.;In marcia / fermata / arresto;Conducente;M;Illeso;0;;Non accertato;Inesploso
3792787;19;23/04/2018 14:50;Strada Urbana;VIA DELL'ACQUEDOTTO DEL PESCHIERA;in prossimità;;del civico n.;134;;Scontro laterale fra veicoli in marcia;Rettilineo;Una carreggiata a senso unico di marcia;Asciutto;Asfaltata;Orizzontale;Sereno;Normale;Buona;Ore Diurne;1;0;0;1;12,42408;41,93896;-1;1;Motociclo a solo;In marcia / fermata / arresto;Conducente;M;Rifiuta cure immediate;0;NON DECEDUTO;;
3792787;19;23/04/2018 14:50;Strada Urbana;VIA DELL'ACQUEDOTTO DEL PESCHIERA;in prossimità;;del civico n.;134;;Scontro laterale fra veicoli in marcia;Rettilineo;Una carreggiata a senso unico di marcia;Asciutto;Asfaltata;Orizzontale;Sereno;Normale;Buona;Ore Diurne;1;0;0;1;12,42408;41,93896;-1;2;Autovettura privata;In marcia / fermata / arresto;Conducente;M;Illeso;0;;;
3792790;18;23/04/2018 18:00;Strada Urbana;VIA ENNIO BONIFAZI;in corrispondenza;;del civico n.;43;;Investimento di pedone;Pendenza;Una carreggiata a doppio senso;Asciutto;Asfaltata;Verticale ed orizzontale;Sereno;Normale;Buona;Ore Diurne;1;0;0;1;12,41686;41,9051;-1;;;;Pedone;F;Rimandato;0;NON DECEDUTO;;
3792790;18;23/04/2018 18:00;Strada Urbana;VIA ENNIO BONIFAZI;in corrispondenza;;del civico n.;43;;Investimento di pedone;Pendenza;Una carreggiata a doppio senso;Asciutto;Asfaltata;Verticale ed orizzontale;Sereno;Normale;Buona;Ore Diurne;1;0;0;1;12,41686;41,9051;-1;1;Motociclo a solo;In marcia / fermata / arresto;Conducente;M;Illeso;0;;Non accertato;
3792797;9;23/04/2018 11:00;Strada Urbana;VIA DEMETRIADE;in prossimità;;del civico n.;95;;Veicolo in marcia contro ostacolo fisso;Rettilineo;Una carreggiata a doppio senso;Asciutto;Asfaltata;Verticale ed orizzontale;Sereno;Normale;Buona;Ore Diurne;1;0;0;2;12,53811;41,86113;-1;1;Autovettura privata;In marcia / fermata / arresto;Conducente;M;Illeso;0;;Non accertato;Inesploso
3792797;9;23/04/2018 11:00;Strada Urbana;VIA DEMETRIADE;in prossimità;;del civico n.;95;;Veicolo in marcia contro ostacolo fisso;Rettilineo;Una carreggiata a doppio senso;Asciutto;Asfaltata;Verticale ed orizzontale;Sereno;Normale;Buona;Ore Diurne;1;0;0;2;12,53811;41,86113;-1;1;Autovettura privata;In marcia / fermata / arresto;Passeggero;M;Illeso;0;;Non accertato;Inesploso
3792797;9;23/04/2018 11:00;Strada Urbana;VIA DEMETRIADE;in prossimità;;del civico n.;95;;Veicolo in marcia contro ostacolo fisso;Rettilineo;Una carreggiata a doppio senso;Asciutto;Asfaltata;Verticale ed orizzontale;Sereno;Normale;Buona;Ore Diurne;1;0;0;2;12,53811;41,86113;-1;2;Motociclo a solo;In marcia / fermata / arresto;Conducente;M;Rimandato;0;NON DECEDUTO;;
3792799;8;23/04/2018 07:50;Strada Urbana;PIAZZALE VAN GOGH;in prossimità;;del palo luce n.;11;;Veicolo in marcia contro ostacolo accidentale;Rettilineo;Una carreggiata a senso unico di marcia;Asciutto;Con buche;Assente;Sereno;Normale;Buona;Ore Diurne;0;0;0;1;12,65291;41,86231;-1;1;Autobus di linea;In marcia / fermata / arresto;Conducente;M;Illeso;0;;Non accertato;Inesploso
3792800;5;23/04/2018 13:00;Strada Urbana;NUOVA CIRCONVALLAZIONE INTERNA;da specificare;;;;prossimità uscita Stazione Tiburtina;Tamponamento Multiplo;Rettilineo;Una carreggiata a senso unico di marcia;Asciutto;Asfaltata;Verticale ed orizzontale;Sereno;Intenso;Sufficiente;Ore Diurne;0;0;0;4;12,53388;41,90864;-1;1;Autovettura privata;In marcia / fermata / arresto;Conducente;M;Illeso;0;;Non accertato;
3792800;5;23/04/2018 13:00;Strada Urbana;NUOVA CIRCONVALLAZIONE INTERNA;da specificare;;;;prossimità uscita Stazione Tiburtina;Tamponamento Multiplo;Rettilineo;Una carreggiata a senso unico di marcia;Asciutto;Asfaltata;Verticale ed orizzontale;Sereno;Intenso;Sufficiente;Ore Diurne;0;0;0;4;12,53388;41,90864;-1;2;Autovettura privata;In marcia / fermata / arresto;Conducente;F;Illeso;0;;Non accertato;
3792800;5;23/04/2018 13:00;Strada Urbana;NUOVA CIRCONVALLAZIONE INTERNA;da specificare;;;;prossimità uscita Stazione Tiburtina;Tamponamento Multiplo;Rettilineo;Una carreggiata a senso unico di marcia;Asciutto;Asfaltata;Verticale ed orizzontale;Sereno;Intenso;Sufficiente;Ore Diurne;0;0;0;4;12,53388;41,90864;-1;3;Autovettura privata;In marcia / fermata / arresto;Conducente;M;Illeso;0;;Non accertato;
3792800;5;23/04/2018 13:00;Strada Urbana;NUOVA CIRCONVALLAZIONE INTERNA;da specificare;;;;prossimità uscita Stazione Tiburtina;Tamponamento Multiplo;Rettilineo;Una carreggiata a senso unico di marcia;Asciutto;Asfaltata;Verticale ed orizzontale;Sereno;Intenso;Sufficiente;Ore Diurne;0;0;0;4;12,53388;41,90864;-1;4;Autovettura privata;In marcia / fermata / arresto;Conducente;M;Illeso;0;;Non accertato;
3792801;9;23/04/2018 12:15;Strada Urbana;VIA APPIA NUOVA;da specificare;;;;fronte VIA DEI CESSATI SPIRITI;Scontro laterale fra veicoli in marcia;Rettilineo;Due carreggiate;Asciutto;Asfaltata;Verticale ed orizzontale;Sereno;Normale;Buona;Ore Diurne;1;0;0;1;12,5295;41,86896;-1;1;Autovettura privata;In marcia / fermata / arresto;Conducente;M;Illeso;0;;Non accertato;Inesploso
3792801;9;23/04/2018 12:15;Strada Urbana;VIA APPIA NUOVA;da specificare;;;;fronte VIA DEI CESSATI SPIRITI;Scontro laterale fra veicoli in marcia;Rettilineo;Due carreggiate;Asciutto;Asfaltata;Verticale ed orizzontale;Sereno;Normale;Buona;Ore Diurne;1;0;0;1;12,5295;41,86896;-1;2;Motociclo a solo;In marcia / fermata / arresto;Conducente;M;Rimandato;0;NON DECEDUTO;Non accertato;
3792805;9;23/04/2018 15:00;Strada Urbana;VIA PAOLO PARUTA;all'intersezione con;VIA PASQUALE TOLA;VIA PASQUALE TOLA;;;Scontro frontale/laterale DX fra veicoli in marcia;Incrocio;Una carreggiata a doppio senso;Asciutto;Asfaltata;Assente;Sereno;Normale;Buona;Ore Diurne;0;0;0;2;12,51833;41,87556;-1;1;Autovettura privata;In marcia / fermata / arresto;Conducente;F;Illeso;0;;Non utilizzato;Inesploso
3792805;9;23/04/2018 15:00;Strada Urbana;VIA PAOLO PARUTA;all'intersezione con;VIA PASQUALE TOLA;VIA PASQUALE TOLA;;;Scontro frontale/laterale DX fra veicoli in marcia;Incrocio;Una carreggiata a doppio senso;Asciutto;Asfaltata;Assente;Sereno;Normale;Buona;Ore Diurne;0;0;0;2;12,51833;41,87556;-1;2;Autovettura privata;In marcia / fermata / arresto;Conducente;F;Illeso;0;;Non accertato;Inesploso
3792806;20;23/04/2018 19:00;Strada Urbana;VIA HONDURAS;da specificare;;;;pross.ta' VIA DEL FORO ITALICO;Infortunio per caduta del veicolo;Curva a visuale libera;Una carreggiata a senso unico di marcia;Sdrucciolevole (terriccio);Asfaltata;Verticale ed orizzontale;Sereno;Intenso;Buona;Ore Diurne;0;0;0;1;12,48375;41,93991;-1;1;Motociclo a solo;In marcia / fermata / arresto;Conducente;F;Illeso;0;;Non accertato;
3792811;9;23/04/2018 15:45;Strada Urbana;VIA PINEROLO;all'intersezione con;VIA TUSCOLANA;VIA TUSCOLANA;;;Infortunio per sola frenata improvvisa;Incrocio;Una carreggiata a doppio senso;Asciutto;Asfaltata;Verticale ed orizzontale;Sereno;Normale;Buona;Ore Diurne;1;0;0;1;12,51604;41,88262;-1;1;Motociclo a solo;In marcia / fermata / arresto;Conducente;M;Rimandato;0;NON DECEDUTO;Non accertato;
3792811;9;23/04/2018 15:45;Strada Urbana;VIA PINEROLO;all'intersezione con;VIA TUSCOLANA;VIA TUSCOLANA;;;Infortunio per sola frenata improvvisa;Incrocio;Una carreggiata a doppio senso;Asciutto;Asfaltata;Verticale ed orizzontale;Sereno;Normale;Buona;Ore Diurne;1;0;0;1;12,51604;41,88262;-1;2;Autocarro inferiore 35 q.;In marcia / fermata / arresto;Conducente;M;Illeso;0;;;
3792814;8;23/04/2018 07:50;Strada Urbana;VIA ENRICO GIGLIOLI;in prossimità;;del palo luce n.;23;;Veicolo in marcia contro ostacolo fisso;Rettilineo;Una carreggiata a senso unico di marcia;Asciutto;Asfaltata;Verticale ed orizzontale;Sereno;Normale;Buona;Ore Diurne;0;0;0;1;12,59811;41,86944;-1;1;Autovettura privata;In marcia / fermata / arresto;Conducente;M;Illeso;0;;Non accertato;Esploso
3792817;9;23/04/2018 17:05;Strada Urbana;VIA MONDRAGONE;all'intersezione con;VIA CASTRO DEI VOLSCI;VIA CASTRO DEI VOLSCI;;;Scontro frontale/laterale DX fra veicoli in marcia;Intersezione stradale segnalata;Una carreggiata a doppio senso;Asciutto;Asfaltata;Verticale ed orizzontale;Sereno;Normale;Buona;Ore Diurne;1;0;0;1;12,53177;41,8667;-1;1;Autovettura privata;In marcia / fermata / arresto;Conducente;M;Illeso;0;;Non accertato;Inesploso
3792817;9;23/04/2018 17:05;Strada Urbana;VIA MONDRAGONE;all'intersezione con;VIA CASTRO DEI VOLSCI;VIA CASTRO DEI VOLSCI;;;Scontro frontale/laterale DX fra veicoli in marcia;Intersezione stradale segnalata;Una carreggiata a doppio senso;Asciutto;Asfaltata;Verticale ed orizzontale;Sereno;Normale;Buona;Ore Diurne;1;0;0;1;12,53177;41,8667;-1;2;Motociclo a solo;In marcia / fermata / arresto;Conducente;M;Rimandato;0;NON DECEDUTO;Non accertato;
3792819;8;23/04/2018 09:45;Strada Urbana;VIA SELLIA;da specificare;;;;prossimità civ 97 direzione via Borghesiana;Veicolo in marcia contro ostacolo accidentale;Rettilineo;Una carreggiata a doppio senso;Asciutto;Asfaltata;Verticale;Sereno;Scarso;Buona;Ore Diurne;0;0;0;1;12,68329;41,87235;-1;1;Autovettura privata;In marcia / fermata / arresto;Conducente;M;Illeso;0;;Non accertato;Inesploso
3792821;9;23/04/2018 21:20;;VIA BEATA MARIA DE MATTIAS;da specificare;;;;fronte civico 28;Veicolo in marcia contro ostacolo accidentale;;;;;;;;;;1;0;0;0;12,50245;41,87929;0;1;Velocipede;In marcia / fermata / arresto;Conducente;M;Rimandato;0;NON DECEDUTO;Esente;
3792822;12;20/04/2018 11:50;Strada Urbana;VIALE DEI CADUTI PER LA RESISTENZA;all'intersezione con;VIA DEI CADUTI CIVILI;VIA DEI CADUTI CIVILI;;;Scontro frontale/laterale SX fra veicoli in marcia;Incrocio;Una carreggiata a senso unico di marcia;Asciutto;Asfaltata;Verticale ed orizzontale;Sereno;Normale;Buona;Ore Diurne;0;0;0;3;12,44246;41,78754;-1;1;Autovettura privata;In marcia / fermata / arresto;Conducente;F;Illeso;0;;Utilizzato;Inesploso
3792822;12;20/04/2018 11:50;Strada Urbana;VIALE DEI CADUTI PER LA RESISTENZA;all'intersezione con;VIA DEI CADUTI CIVILI;VIA DEI CADUTI CIVILI;;;Scontro frontale/laterale SX fra veicoli in marcia;Incrocio;Una carreggiata a senso unico di marcia;Asciutto;Asfaltata;Verticale ed orizzontale;Sereno;Normale;Buona;Ore Diurne;0;0;0;3;12,44246;41,78754;-1;1;Autovettura privata;In marcia / fermata / arresto;Passeggero;F;Illeso;0;;Utilizzato;Inesploso
3792822;12;20/04/2018 11:50;Strada Urbana;VIALE DEI CADUTI PER LA RESISTENZA;all'intersezione con;VIA DEI CADUTI CIVILI;VIA DEI CADUTI CIVILI;;;Scontro frontale/laterale SX fra veicoli in marcia;Incrocio;Una carreggiata a senso unico di marcia;Asciutto;Asfaltata;Verticale ed orizzontale;Sereno;Normale;Buona;Ore Diurne;0;0;0;3;12,44246;41,78754;-1;2;Autocarro inferiore 35 q.;In marcia / fermata / arresto;Conducente;M;Illeso;0;;Utilizzato;Inesploso
3792824;13;23/04/2018 14:50;Provinciale;VIA LITORANEA;in corrispondenza;;della chilometrica;8.2;;Veicolo in marcia contro veicoli in sosta;Rettilineo;Una carreggiata a doppio senso;Asciutto;Asfaltata;Orizzontale;Sereno;Normale;Buona;Ore Diurne;1;0;0;0;12,37343;41,6877;-1;1;Autovettura privata;In marcia / fermata / arresto;Conducente;F;Rimandato;0;NON DECEDUTO;;
3792825;8;23/04/2018 10:00;;VIA CASILINA;in corrispondenza;;del civico n.;1732;;Infortunio per sola frenata improvvisa;;;;;;;;;;1;0;0;0;;;0;1;Motociclo con passeggero;In marcia / fermata / arresto;Conducente;M;Ricoverato;0;NON DECEDUTO;;